-- phpMyAdmin SQL Dump
-- version 3.5.1
-- http://www.phpmyadmin.net
--
-- Servidor: localhost
-- Tiempo de generación: 13-11-2016 a las 02:45:26
-- Versión del servidor: 5.5.24-log
-- Versión de PHP: 5.4.3

SET SQL_MODE="NO_AUTO_VALUE_ON_ZERO";
SET time_zone = "+00:00";


/*!40101 SET @OLD_CHARACTER_SET_CLIENT=@@CHARACTER_SET_CLIENT */;
/*!40101 SET @OLD_CHARACTER_SET_RESULTS=@@CHARACTER_SET_RESULTS */;
/*!40101 SET @OLD_COLLATION_CONNECTION=@@COLLATION_CONNECTION */;
/*!40101 SET NAMES utf8 */;

--
-- Base de datos: `db_supermercado`
--

-- --------------------------------------------------------

--
-- Estructura de tabla para la tabla `tbl_balance_general`
--

CREATE TABLE IF NOT EXISTS `tbl_balance_general` (
  `codigo_balance_general` int(11) NOT NULL AUTO_INCREMENT,
  `codigo_balanza_comprobacion` int(11) NOT NULL,
  `codigo_mayor` int(11) NOT NULL,
  PRIMARY KEY (`codigo_balance_general`,`codigo_balanza_comprobacion`,`codigo_mayor`),
  KEY `fk_tbl_balance_general_tbl_balanza_comprobacion1_idx` (`codigo_balanza_comprobacion`,`codigo_mayor`)
) ENGINE=InnoDB DEFAULT CHARSET=utf8 AUTO_INCREMENT=1 ;

-- --------------------------------------------------------

--
-- Estructura de tabla para la tabla `tbl_balanza_comprobacion`
--

CREATE TABLE IF NOT EXISTS `tbl_balanza_comprobacion` (
  `codigo_balanza_comprobacion` int(11) NOT NULL AUTO_INCREMENT,
  `codigo_mayor` int(11) NOT NULL,
  `movimiento_deudor` double NOT NULL,
  `moviemiento_acreedor` double NOT NULL,
  `saldo_deudor` double NOT NULL,
  `saldo_acreeor` double NOT NULL,
  PRIMARY KEY (`codigo_balanza_comprobacion`,`codigo_mayor`),
  KEY `fk_tbl_balanza_comprobacion_tbl_libro_mayor1_idx` (`codigo_mayor`)
) ENGINE=InnoDB DEFAULT CHARSET=utf8 AUTO_INCREMENT=1 ;

-- --------------------------------------------------------

--
-- Estructura de tabla para la tabla `tbl_categorias`
--

CREATE TABLE IF NOT EXISTS `tbl_categorias` (
  `codigo_categoria` int(11) NOT NULL AUTO_INCREMENT,
  `descripcion` varchar(45) NOT NULL,
  PRIMARY KEY (`codigo_categoria`)
) ENGINE=InnoDB  DEFAULT CHARSET=utf8 AUTO_INCREMENT=16 ;

--
-- Volcado de datos para la tabla `tbl_categorias`
--

INSERT INTO `tbl_categorias` (`codigo_categoria`, `descripcion`) VALUES
(1, 'Carnes'),
(2, 'Bebidas'),
(3, 'Snacks'),
(4, 'Vegetales'),
(5, 'Cocina'),
(6, 'Condimentos'),
(7, 'Higiene'),
(8, 'Lacteos'),
(9, 'Detergente'),
(10, 'Papeleria y oficina'),
(11, 'Jugueteria'),
(12, 'Panaderia'),
(13, 'Congelados'),
(14, 'Mascotas'),
(15, 'Embutidos');

-- --------------------------------------------------------

--
-- Estructura de tabla para la tabla `tbl_clientes`
--

CREATE TABLE IF NOT EXISTS `tbl_clientes` (
  `codigo_cliente` int(11) NOT NULL AUTO_INCREMENT,
  `nombre_cliente` varchar(45) NOT NULL,
  `apellido_cliente` varchar(45) NOT NULL,
  `genero` varchar(1) NOT NULL,
  `fecha_nacimiento` date NOT NULL,
  `direccion` varchar(45) NOT NULL,
  `telefono` varchar(45) NOT NULL,
  PRIMARY KEY (`codigo_cliente`)
) ENGINE=InnoDB  DEFAULT CHARSET=utf8 AUTO_INCREMENT=13 ;

--
-- Volcado de datos para la tabla `tbl_clientes`
--

INSERT INTO `tbl_clientes` (`codigo_cliente`, `nombre_cliente`, `apellido_cliente`, `genero`, `fecha_nacimiento`, `direccion`, `telefono`) VALUES
(1, 'Nohelia', 'Euceda', 'F', '2016-11-01', 'Col. Honduras', '9538-7598'),
(2, 'Donald', 'Trump''eta', 'M', '2016-11-08', 'Col. USA', '1 800 89 78 36 45'),
(3, 'El Tobal', 'Rodriguez', 'M', '1995-11-01', 'Col. El atolladero', '9878-1548'),
(4, 'La Gaby', 'Guerrero', 'F', '1995-11-01', 'Col. Centro America El GUETTO', '8978-5869'),
(5, 'El Erick', 'Omelon', 'M', '1885-11-01', 'Co. El Monte', '9789-5236'),
(6, 'No frecuente', 'Para Llegar', 'F', '2016-11-01', 'Col. No tengo idea', 'No me lo se');

-- --------------------------------------------------------

--
-- Estructura de tabla para la tabla `tbl_cuenta`
--

CREATE TABLE IF NOT EXISTS `tbl_cuenta` (
  `codigo_cuenta` int(11) NOT NULL AUTO_INCREMENT,
  `codigo_naturaleza` int(11) NOT NULL,
  `nombre` varchar(45) NOT NULL,
  PRIMARY KEY (`codigo_cuenta`),
  KEY `fk_tbl_cuenta_tbl_naturaleza1_idx` (`codigo_naturaleza`)
) ENGINE=InnoDB  DEFAULT CHARSET=utf8 AUTO_INCREMENT=46 ;

--
-- Volcado de datos para la tabla `tbl_cuenta`
--

INSERT INTO `tbl_cuenta` (`codigo_cuenta`, `codigo_naturaleza`, `nombre`) VALUES
(1, 2, 'Caja'),
(2, 2, 'Bancos'),
(3, 2, 'Clientes'),
(4, 2, 'Documentos por cobrar'),
(5, 2, 'Deudores Varios'),
(6, 2, 'Almacen'),
(7, 2, 'Impuesto Sobre Venta Pagado'),
(8, 2, 'Publicidad'),
(9, 2, 'Accesorios y Suministros'),
(10, 2, 'Depositos a Plazo Fijo'),
(11, 2, 'Terrenos'),
(12, 2, 'Edicios'),
(13, 2, 'Mobiliario y Equipo'),
(14, 2, 'Equipo de Reparto'),
(15, 2, 'Equipo de Transporte'),
(16, 2, 'Herramientas'),
(17, 2, 'Marcas'),
(18, 2, 'Patentes'),
(19, 2, 'Franquicias'),
(20, 2, 'Gastos de Instalacion'),
(21, 1, 'Proveedores'),
(22, 1, 'Documentos por Pagar'),
(23, 1, 'Prestamos Bancarios'),
(24, 1, 'Acreedores Varios'),
(25, 1, 'Impuestos por Pagar'),
(26, 1, 'Otras cuentas por pagar'),
(27, 1, 'Capital'),
(28, 1, 'Utilidad del ejercicio'),
(29, 1, 'Perdida del ejercicio'),
(30, 1, 'Reserva Legal'),
(31, 1, 'Reserva de Reinversion'),
(32, 1, 'Utilidades No distribuidas o Acumuladas'),
(33, 1, 'Perdidas no Aplicadas'),
(34, 2, 'Gastos de Venta'),
(35, 2, 'Gastos de Administracion'),
(36, 2, 'Gastos Personales'),
(37, 2, 'Gastos No Deducibles'),
(38, 2, 'Gastos Financieros'),
(39, 1, 'Productos Financieros'),
(40, 1, 'Otros Productos'),
(41, 2, 'Otros Gastos'),
(42, 1, 'Ventas'),
(43, 1, 'Impuesto Sobre Ventas Cobrado'),
(44, 2, 'Compras'),
(45, 2, 'Gastos Varios');

-- --------------------------------------------------------

--
-- Estructura de tabla para la tabla `tbl_empleados`
--

CREATE TABLE IF NOT EXISTS `tbl_empleados` (
  `codigo_empleado` int(11) NOT NULL AUTO_INCREMENT,
  `codigo_privilegio` int(11) NOT NULL,
  `codigo_usuario` int(11) NOT NULL,
  `nombre` varchar(45) NOT NULL,
  `apellido` varchar(45) NOT NULL,
  `foto` blob NOT NULL,
  `fecha_nacimiento` date NOT NULL,
  `sueldo` double NOT NULL,
  PRIMARY KEY (`codigo_empleado`),
  KEY `fk_tbl_personal_tbl_cargo1_idx` (`codigo_privilegio`),
  KEY `fk_tbl_personal_tbl_usuarios1_idx` (`codigo_usuario`)
) ENGINE=InnoDB  DEFAULT CHARSET=utf8 AUTO_INCREMENT=5 ;

--
-- Volcado de datos para la tabla `tbl_empleados`
--

INSERT INTO `tbl_empleados` (`codigo_empleado`, `codigo_privilegio`, `codigo_usuario`, `nombre`, `apellido`, `foto`, `fecha_nacimiento`, `sueldo`) VALUES
(1, 1, 1, 'Carlos', 'Rodriguez', '', '1995-11-01', 8500),
(2, 2, 2, 'Tiburcio', 'Carias', '', '1984-11-13', 8900),
(3, 3, 3, 'Raul', 'Cajas', '', '1990-11-06', 8500);
INSERT INTO `tbl_empleados` (`codigo_empleado`, `codigo_privilegio`, `codigo_usuario`, `nombre`, `apellido`, `foto`, `fecha_nacimiento`, `sueldo`) VALUES
(4, 1, 1, 'administrador', 'Gonzales', 0xffd8ffe000104a46494600010201004800480000ffe10ef34578696600004d4d002a000000080007011200030000000100010000011a00050000000100000062011b0005000000010000006a012800030000000100020000013100020000001b0000007201320002000000140000008d8769000400000001000000a4000000d00000004800000001000000480000000141646f62652050686f746f73686f702043532057696e646f777300323031313a30333a32362030383a33333a3537000000000003a00100030000000100010000a00200040000000100000104a0030004000000010000012c0000000000000006010300030000000100060000011a0005000000010000011e011b0005000000010000012601280003000000010002000002010004000000010000012e020200040000000100000dbd0000000000000048000000010000004800000001ffd8ffe000104a46494600010201004800480000ffed000c41646f62655f434d0001ffee000e41646f626500648000000001ffdb0084000c08080809080c09090c110b0a0b11150f0c0c0f1518131315131318110c0c0c0c0c0c110c0c0c0c0c0c0c0c0c0c0c0c0c0c0c0c0c0c0c0c0c0c0c0c0c0c0c0c010d0b0b0d0e0d100e0e10140e0e0e14140e0e0e0e14110c0c0c0c0c11110c0c0c0c0c0c110c0c0c0c0c0c0c0c0c0c0c0c0c0c0c0c0c0c0c0c0c0c0c0c0c0c0c0cffc000110800a0008b03012200021101031101ffdd00040009ffc4013f0000010501010101010100000000000000030001020405060708090a0b0100010501010101010100000000000000010002030405060708090a0b1000010401030204020507060805030c33010002110304211231054151611322718132061491a1b14223241552c16233347282d14307259253f0e1f163733516a2b283264493546445c2a3743617d255e265f2b384c3d375e3f3462794a485b495c4d4e4f4a5b5c5d5e5f55666768696a6b6c6d6e6f637475767778797a7b7c7d7e7f711000202010204040304050607070605350100021103213112044151617122130532819114a1b14223c152d1f0332462e1728292435315637334f1250616a2b283072635c2d2449354a317644555367465e2f2b384c3d375e3f34694a485b495c4d4e4f4a5b5c5d5e5f55666768696a6b6c6d6e6f62737475767778797a7b7c7ffda000c03010002110311003f00f5549249252c942749252d094274d21252a0250107233b0b17fa4e45547fc63dacff00ab21556fd62e84f706b73a924e83de1253a109428557d37377d3636c6fef30870ffa2a69295012809d24954b427492494a4924925292492494ff00ffd0f554924925292492494c6c7358c2f790d6b412e7130001cb9c579ff5cfae19f9773aae9f61c5c4fcc7374b1e3fd2b9dfe0daff00f07b7f31751f5aacff00267d9a76b729e2ab08d3f47f4ed1fdb6b763ff0090bc89fd4ecbf2adb8c0163dc5ad1c06cc31adfeca4a749c03de5f67e91e752e7fb89f9b958a2c6379023e0a855717c46a4e800d755a55f49ea4ed7ecb63a7cdacfc6c281901b948893b07430fa8574bc398e756e1f9cdd3f22e9303eb23f46daf16b7cf477f9cb91fd91d480ff93ed3e62fad499d3fac30fe8f06e61fe559591ff54871c7ba7825d9f4bc5cba7299bea74f8b4f23fac8eb9ffaa981918f43f272ed0fc8b61a6b67d1ac375d8e77e7d8b7d1041d42d22b45d2492454a4924925292492494fffd1f554924925292492494f27f5ef20d78f5b274f4326cf9b5ad68ffaa5e4353e1a3e017a87f8ce7ba9a316c02459564d1f02f6b1c3fea179ae1f4cea39748bb1e93657c6e968d473f4dcd4090374804ecf4df53b1ab736ecd77b9ed70aeb9fcdd373dc3f94bb3c53591b5e013da5725f54ebbb1f02daaf61aec17125ae10750d5d254f54f2cae648d9b7887a00753d2afc027d8df040a724400e2ac0734890744810546c367a6b83325ccecf6cfcda7ff325a8163e13bf5dabcf70fc16c05670fcbf56be5f9974924948c6a4924925292492494fffd2f554924925292492494f3ff5dfa25bd6beafdf4638dd974fe9b19bfbce683baaff00aed6e73179afd5fca69e9b55425aea5ce6d8d3a10edc4ed70fde5ed2ee1705f5dbeade3e258efac1824536dcf6b33b1e3f4776ee321bfe8b219f9dfe9947963713e0bf19a90f168d16e80cf3c2bd55ba72b171aedd4cf769856abc8f354c86d82ebb6e53f5cb75061663723cd48e4a54ab777a364597754a984c86b5ee23e036ff00df974e172df54586dcac9c93f46b6b6b69f377bddff52d5d4ab784541ab98dcd7492494ac6a4924925292492494fffd3f55492492529324a2f7b5ad2e7101add493a00125322572dfe302e68e935513eebae040f266aefcaad754fad98f8d59fb152ecdb35f737db503fcbb7ff0020b8cea19d9fd52df5b39e1d601ec6304318d3f9b537fefcef7a1963318c9a4e2944cc0b7371eef49fafd0768efef477585841e41e0aad6565a5335ee682d1f44f6545b7ab6db95e69dd9703c7c872aa32bbad24555b9e40921a26078aebfeaa7d5178b6bea9d4b6b8321d8d8ed3b86ee5b75cf6fb7737f36a4f863948eda775b2980353af67a3fab9d3ddd3fa55555a22fb26db87839df99fd86fb56a6e1cf654323a8d7535e77b595b347deffa209fcd6347bad7ac4cceb41dfccd06e3fe9725c408fe4d15fd156ac4401d9a73c805925ea3d6ab76ddeddde12254b7089ede2bcfefead9927f478e07ee8acfe5dc8547d62bb19e1c43a983f4a8712dfedd167b5346587763fbc63bab7d1653ae7fa4fd66a725ad190e6ed768dc86e8d9fddb59fe09cb7c1952020ecca0d8b1aae92492497fffd4f554c53a858f6b1a5ee3b5ad04b89e001a92929abd4ba963f4ea3d6ba4971db556dd5ef77ee31ab9fb9f97d45fea7503154cd784c3fa36f9dffe9edffc0d05b90fea998fea7688609af12becdae7e9ff00c6d9f49eadb55dc380445cb5934f2e624d44e892b6c3401000d00ecaa66745c5bc17d6df4edf16f07facd57588cd129d3a3a1d8ad8120d8dc3c3e760598ef2db1b02603bb2a7e8095e85661d37022c607b5da39ae120859d7fd4da5ee9a2c756df0fa43fe97b96567e5651371d417530f33190f56843ce74c7bf1323ed158dc296efb80ff440b7d6ff00a0ba97d6cc3c873b1ad7515b9a4e43587d8e69fa076fd1659ff095a2ff00cdfc6c2e87d42b037db763d81ef77261a4b1a3f75bb953e9bbef6d06d3b88adb6580f7da1ada9bfe7a9315c3110587982253e31d34496d6f796db70f7307e8abed503cedff008577f84b152c81cad4c81cacebdb2a199eed4c9aeee55e3946e87f57ddd62f7bad2eaf0a93b6cb1bcbdffe86a77f27fc2bd0ebd99d9d5f4ec5b1afc9b1d0437ddb1a3e9db647e6b17a06161d183895625022ba9bb5a3c7f79dfd67bbdc8638711b3b05b871899e23f2878efac1f5731ba1621eadd2dcf6fa65adcac6b1e5ecb6b71d9f9ff46c67e6ad8fab1d6064d6ca0bf7d6f6eec67b8cba07d3c77ff2aa583f5ebeb13720bba2e27babadc0e5da3505ed3231ebff008b77f3cefdff00d12c9fab19cfc7b6cada7f9b232183cda40bbfcf6278c8064e11b2f8e58c737b71f94e9fe13eaa9d46b7b5ec6bdbf45c0387c0eaa4a66d3fffd5f5558df5ab20d5d25f5b7e9e4bdb40f838cbff00e8356cae6feb3bf7f52e9b8fd81b2e3f201ad52618f16488f1bfb1665350979359ad1556cac70d000f922310ad304052615a55a39c0b6988ed2aab1c8ed72864196253b4ab98d6c8da7b2a01c895dbb5e0fdea19c2c32e39d16ee500ec5bdbe35bc7fd12b9ee971b1dd806563e50f5d0174b48ec41fc8b99e8f735ed6b5c6197571bbcd83ff49fa8a9cf40cf9366ce43effb359975e2db6d0c697073237380ef5d24fa8e5c06775bceeaae203bd0c5274a58791ff0affa4f5e95f567ae61f57c13f6777e9310fa36b0f3edf6d56ffc5dcc6ee62c5ea9f531f6f5eaedc4606e0663f7e51040f49c3dd6fb7f7723fc1ecff0aa1c98cc8031361ad9b119c6271caecea9fea07426e0e13ba95acdb7e6802bfe4d03e8ff00dbcffd22d3fac9d55d878bf66c63fae64821847e63387de7fea6aff845a76d94e26317ba194d2de0766b468d6ae5dd4dd977d99778fd35e4120fe6b47f374b7f935b7ff04521f4c444331031e3108f93cd1e9c1a2008fca9f0314d59ec7c72d7b4fc0b5746fc011c2a2fc62cc801a3ddb0900789f60ffa4a18c3d40f8b5a18bd713e2f6bd29c5dd3714bb9f4993f72b6858b57a38d55511e9b1ad8f80845569befffd6f555cc75d33f58f19bfbb88f70f89786ae9d73ff00587a4665d955f55e9e43f2a8acd4ec67682cac9deed8efcdb9bf9aa5c1211c80934c79a26502039f79878f827639521d42abdfb4b4d37374b29b347348ec5a51d8f5a805c439a6c1d5b8c72335ea9b1e8ad7a8e515e241b41ea5bd560f4e6d007b8803cf45198afe274ebba6b9f007f22e58e29774caeb6bcd22fa40f55ba165847b5e3f93fbeb66ac96bf1edf48fa8581c219ee33b7e886b50313a4f56cbaab63da3071c35a3f49eeb4803b54df6d5fdb72a92842f2091aad9b572946200f987a9e0ba464f51e81d5f7d63d3c8a0fa77524fb6c673b1dfbd5bfe9d562f59e9bd4b1ba9e1d7998c658fd1cd3f498e1f4eab07efb5735d73eacb5c03de0b9b588ab2da25ed1fe8af67e756b3b00754e8f639f4b8b5af10fb2a1ea54f1f98eb19f4996b7faaa9404b11af9a24b16313c24820ca0767a7eaf91f68ca6e0375aa98b724f62e3fcc63ffe8eb3feb7fbe8b4630225636164d204bed973897bdcf992e3f49c745b18f9e1cd0316a7e53ff920b180ff00c25f6ed637fe9a783675650788d90be5575514badb4edad8249ee7c1adfe5bff003151e9184fc9ce37da21ac707bc76047f3348fea7d37ab8ec5c8ccb9beb3c3dcc33ed1fa2a8fe76c9f75b7ff002d6a63e3d78f536aac435be3c93ddce4e11d6d90445da6492493973fffd7f554c44a7492534b3ba474fea007dae86dae1c3f878f858df7acbb3ea7d4d9fb2665d4f835db6c6ffd31b9742927c724e3f2c885b2c7096e017991f563aab4fb73aa70edbaa33ff42c4fff00373ab9ff00b5b4b7e153bf8d8ba5493fef397f7967ddf1f679f6fd58c823f4dd41e7cab635bf977ab34fd58e96c20da2cc823fd2bc91fe68dad5ae9261cb33bc8ae18e036010d18b8f8ccf4f1eb6d4cf06003f222c2749317adb42a9674bc37bb7867a6ef1acedfc9ed5712494d16f4aa9a643df3e2609fc88cdc4ac08717580701c74fb82b0924a621a1a000200e004e9d2494a49249253ffd0f554924925292492494a4924925292492494a4924925292492494a4924925292492494a49249253fffd9ffed13b250686f746f73686f7020332e30003842494d0425000000000010000000000000000000000000000000003842494d03ed000000000010004800000001000200480000000100023842494d042600000000000e000000000000000000003f8000003842494d040d000000000004000000783842494d04190000000000040000001e3842494d03f3000000000009000000000000000001003842494d040a00000000000100003842494d271000000000000a000100000000000000023842494d03f5000000000048002f66660001006c66660006000000000001002f6666000100a1999a0006000000000001003200000001005a00000006000000000001003500000001002d000000060000000000013842494d03f80000000000700000ffffffffffffffffffffffffffffffffffffffffffff03e800000000ffffffffffffffffffffffffffffffffffffffffffff03e800000000ffffffffffffffffffffffffffffffffffffffffffff03e800000000ffffffffffffffffffffffffffffffffffffffffffff03e800003842494d040000000000000200013842494d0402000000000004000000003842494d0408000000000010000000010000024000000240000000003842494d041e000000000004000000003842494d041a00000000034d0000000600000000000000000000012c000001040000000c00530069006e0020007400ed00740075006c006f002d00310000000100000000000000000000000000000000000000010000000000000000000001040000012c00000000000000000000000000000000010000000000000000000000000000000000000010000000010000000000006e756c6c0000000200000006626f756e64734f626a6300000001000000000000526374310000000400000000546f70206c6f6e6700000000000000004c6566746c6f6e67000000000000000042746f6d6c6f6e670000012c00000000526768746c6f6e670000010400000006736c69636573566c4c73000000014f626a6300000001000000000005736c6963650000001200000007736c69636549446c6f6e67000000000000000767726f757049446c6f6e6700000000000000066f726967696e656e756d0000000c45536c6963654f726967696e0000000d6175746f47656e6572617465640000000054797065656e756d0000000a45536c6963655479706500000000496d672000000006626f756e64734f626a6300000001000000000000526374310000000400000000546f70206c6f6e6700000000000000004c6566746c6f6e67000000000000000042746f6d6c6f6e670000012c00000000526768746c6f6e67000001040000000375726c54455854000000010000000000006e756c6c54455854000000010000000000004d7367655445585400000001000000000006616c74546167544558540000000100000000000e63656c6c54657874497348544d4c626f6f6c010000000863656c6c546578745445585400000001000000000009686f727a416c69676e656e756d0000000f45536c696365486f727a416c69676e0000000764656661756c740000000976657274416c69676e656e756d0000000f45536c69636556657274416c69676e0000000764656661756c740000000b6267436f6c6f7254797065656e756d0000001145536c6963654247436f6c6f7254797065000000004e6f6e6500000009746f704f75747365746c6f6e67000000000000000a6c6566744f75747365746c6f6e67000000000000000c626f74746f6d4f75747365746c6f6e67000000000000000b72696768744f75747365746c6f6e6700000000003842494d042800000000000c000000013ff00000000000003842494d0414000000000004000000023842494d040c000000000dd9000000010000008b000000a0000001a40001068000000dbd00180001ffd8ffe000104a46494600010201004800480000ffed000c41646f62655f434d0001ffee000e41646f626500648000000001ffdb0084000c08080809080c09090c110b0a0b11150f0c0c0f1518131315131318110c0c0c0c0c0c110c0c0c0c0c0c0c0c0c0c0c0c0c0c0c0c0c0c0c0c0c0c0c0c0c0c0c0c010d0b0b0d0e0d100e0e10140e0e0e14140e0e0e0e14110c0c0c0c0c11110c0c0c0c0c0c110c0c0c0c0c0c0c0c0c0c0c0c0c0c0c0c0c0c0c0c0c0c0c0c0c0c0c0cffc000110800a0008b03012200021101031101ffdd00040009ffc4013f0000010501010101010100000000000000030001020405060708090a0b0100010501010101010100000000000000010002030405060708090a0b1000010401030204020507060805030c33010002110304211231054151611322718132061491a1b14223241552c16233347282d14307259253f0e1f163733516a2b283264493546445c2a3743617d255e265f2b384c3d375e3f3462794a485b495c4d4e4f4a5b5c5d5e5f55666768696a6b6c6d6e6f637475767778797a7b7c7d7e7f711000202010204040304050607070605350100021103213112044151617122130532819114a1b14223c152d1f0332462e1728292435315637334f1250616a2b283072635c2d2449354a317644555367465e2f2b384c3d375e3f34694a485b495c4d4e4f4a5b5c5d5e5f55666768696a6b6c6d6e6f62737475767778797a7b7c7ffda000c03010002110311003f00f5549249252c942749252d094274d21252a0250107233b0b17fa4e45547fc63dacff00ab21556fd62e84f706b73a924e83de1253a109428557d37377d3636c6fef30870ffa2a69295012809d24954b427492494a4924925292492494ff00ffd0f554924925292492494c6c7358c2f790d6b412e7130001cb9c579ff5cfae19f9773aae9f61c5c4fcc7374b1e3fd2b9dfe0daff00f07b7f31751f5aacff00267d9a76b729e2ab08d3f47f4ed1fdb6b763ff0090bc89fd4ecbf2adb8c0163dc5ad1c06cc31adfeca4a749c03de5f67e91e752e7fb89f9b958a2c6379023e0a855717c46a4e800d755a55f49ea4ed7ecb63a7cdacfc6c281901b948893b07430fa8574bc398e756e1f9cdd3f22e9303eb23f46daf16b7cf477f9cb91fd91d480ff93ed3e62fad499d3fac30fe8f06e61fe559591ff54871c7ba7825d9f4bc5cba7299bea74f8b4f23fac8eb9ffaa981918f43f272ed0fc8b61a6b67d1ac375d8e77e7d8b7d1041d42d22b45d2492454a4924925292492494fffd1f554924925292492494f27f5ef20d78f5b274f4326cf9b5ad68ffaa5e4353e1a3e017a87f8ce7ba9a316c02459564d1f02f6b1c3fea179ae1f4cea39748bb1e93657c6e968d473f4dcd4090374804ecf4df53b1ab736ecd77b9ed70aeb9fcdd373dc3f94bb3c53591b5e013da5725f54ebbb1f02daaf61aec17125ae10750d5d254f54f2cae648d9b7887a00753d2afc027d8df040a724400e2ac0734890744810546c367a6b83325ccecf6cfcda7ff325a8163e13bf5dabcf70fc16c05670fcbf56be5f9974924948c6a4924925292492494fffd2f554924925292492494f3ff5dfa25bd6beafdf4638dd974fe9b19bfbce683baaff00aed6e73179afd5fca69e9b55425aea5ce6d8d3a10edc4ed70fde5ed2ee1705f5dbeade3e258efac1824536dcf6b33b1e3f4776ee321bfe8b219f9dfe9947963713e0bf19a90f168d16e80cf3c2bd55ba72b171aedd4cf769856abc8f354c86d82ebb6e53f5cb75061663723cd48e4a54ab777a364597754a984c86b5ee23e036ff00df974e172df54586dcac9c93f46b6b6b69f377bddff52d5d4ab784541ab98dcd7492494ac6a4924925292492494fffd3f55492492529324a2f7b5ad2e7101add493a00125322572dfe302e68e935513eebae040f266aefcaad754fad98f8d59fb152ecdb35f737db503fcbb7ff0020b8cea19d9fd52df5b39e1d601ec6304318d3f9b537fefcef7a1963318c9a4e2944cc0b7371eef49fafd0768efef477585841e41e0aad6565a5335ee682d1f44f6545b7ab6db95e69dd9703c7c872aa32bbad24555b9e40921a26078aebfeaa7d5178b6bea9d4b6b8321d8d8ed3b86ee5b75cf6fb7737f36a4f863948eda775b2980353af67a3fab9d3ddd3fa55555a22fb26db87839df99fd86fb56a6e1cf654323a8d7535e77b595b347deffa209fcd6347bad7ac4cceb41dfccd06e3fe9725c408fe4d15fd156ac4401d9a73c805925ea3d6ab76ddeddde12254b7089ede2bcfefead9927f478e07ee8acfe5dc8547d62bb19e1c43a983f4a8712dfedd167b5346587763fbc63bab7d1653ae7fa4fd66a725ad190e6ed768dc86e8d9fddb59fe09cb7c1952020ecca0d8b1aae92492497fffd4f554c53a858f6b1a5ee3b5ad04b89e001a92929abd4ba963f4ea3d6ba4971db556dd5ef77ee31ab9fb9f97d45fea7503154cd784c3fa36f9dffe9edffc0d05b90fea998fea7688609af12becdae7e9ff00c6d9f49eadb55dc380445cb5934f2e624d44e892b6c3401000d00ecaa66745c5bc17d6df4edf16f07facd57588cd129d3a3a1d8ad8120d8dc3c3e760598ef2db1b02603bb2a7e8095e85661d37022c607b5da39ae120859d7fd4da5ee9a2c756df0fa43fe97b96567e5651371d417530f33190f56843ce74c7bf1323ed158dc296efb80ff440b7d6ff00a0ba97d6cc3c873b1ad7515b9a4e43587d8e69fa076fd1659ff095a2ff00cdfc6c2e87d42b037db763d81ef77261a4b1a3f75bb953e9bbef6d06d3b88adb6580f7da1ada9bfe7a9315c3110587982253e31d34496d6f796db70f7307e8abed503cedff008577f84b152c81cad4c81cacebdb2a199eed4c9aeee55e3946e87f57ddd62f7bad2eaf0a93b6cb1bcbdffe86a77f27fc2bd0ebd99d9d5f4ec5b1afc9b1d0437ddb1a3e9db647e6b17a06161d183895625022ba9bb5a3c7f79dfd67bbdc8638711b3b05b871899e23f2878efac1f5731ba1621eadd2dcf6fa65adcac6b1e5ecb6b71d9f9ff46c67e6ad8fab1d6064d6ca0bf7d6f6eec67b8cba07d3c77ff2aa583f5ebeb13720bba2e27babadc0e5da3505ed3231ebff008b77f3cefdff00d12c9fab19cfc7b6cada7f9b232183cda40bbfcf6278c8064e11b2f8e58c737b71f94e9fe13eaa9d46b7b5ec6bdbf45c0387c0eaa4a66d3fffd5f5558df5ab20d5d25f5b7e9e4bdb40f838cbff00e8356cae6feb3bf7f52e9b8fd81b2e3f201ad52618f16488f1bfb1665350979359ad1556cac70d000f922310ad304052615a55a39c0b6988ed2aab1c8ed72864196253b4ab98d6c8da7b2a01c895dbb5e0fdea19c2c32e39d16ee500ec5bdbe35bc7fd12b9ee971b1dd806563e50f5d0174b48ec41fc8b99e8f735ed6b5c6197571bbcd83ff49fa8a9cf40cf9366ce43effb359975e2db6d0c697073237380ef5d24fa8e5c06775bceeaae203bd0c5274a58791ff0affa4f5e95f567ae61f57c13f6777e9310fa36b0f3edf6d56ffc5dcc6ee62c5ea9f531f6f5eaedc4606e0663f7e51040f49c3dd6fb7f7723fc1ecff0aa1c98cc8031361ad9b119c6271caecea9fea07426e0e13ba95acdb7e6802bfe4d03e8ff00dbcffd22d3fac9d55d878bf66c63fae64821847e63387de7fea6aff845a76d94e26317ba194d2de0766b468d6ae5dd4dd977d99778fd35e4120fe6b47f374b7f935b7ff04521f4c444331031e3108f93cd1e9c1a2008fca9f0314d59ec7c72d7b4fc0b5746fc011c2a2fc62cc801a3ddb0900789f60ffa4a18c3d40f8b5a18bd713e2f6bd29c5dd3714bb9f4993f72b6858b57a38d55511e9b1ad8f80845569befffd6f555cc75d33f58f19bfbb88f70f89786ae9d73ff00587a4665d955f55e9e43f2a8acd4ec67682cac9deed8efcdb9bf9aa5c1211c80934c79a26502039f79878f827639521d42abdfb4b4d37374b29b347348ec5a51d8f5a805c439a6c1d5b8c72335ea9b1e8ad7a8e515e241b41ea5bd560f4e6d007b8803cf45198afe274ebba6b9f007f22e58e29774caeb6bcd22fa40f55ba165847b5e3f93fbeb66ac96bf1edf48fa8581c219ee33b7e886b50313a4f56cbaab63da3071c35a3f49eeb4803b54df6d5fdb72a92842f2091aad9b572946200f987a9e0ba464f51e81d5f7d63d3c8a0fa77524fb6c673b1dfbd5bfe9d562f59e9bd4b1ba9e1d7998c658fd1cd3f498e1f4eab07efb5735d73eacb5c03de0b9b588ab2da25ed1fe8af67e756b3b00754e8f639f4b8b5af10fb2a1ea54f1f98eb19f4996b7faaa9404b11af9a24b16313c24820ca0767a7eaf91f68ca6e0375aa98b724f62e3fcc63ffe8eb3feb7fbe8b4630225636164d204bed973897bdcf992e3f49c745b18f9e1cd0316a7e53ff920b180ff00c25f6ed637fe9a783675650788d90be5575514badb4edad8249ee7c1adfe5bff003151e9184fc9ce37da21ac707bc76047f3348fea7d37ab8ec5c8ccb9beb3c3dcc33ed1fa2a8fe76c9f75b7ff002d6a63e3d78f536aac435be3c93ddce4e11d6d90445da6492493973fffd7f554c44a7492534b3ba474fea007dae86dae1c3f878f858df7acbb3ea7d4d9fb2665d4f835db6c6ffd31b9742927c724e3f2c885b2c7096e017991f563aab4fb73aa70edbaa33ff42c4fff00373ab9ff00b5b4b7e153bf8d8ba5493fef397f7967ddf1f679f6fd58c823f4dd41e7cab635bf977ab34fd58e96c20da2cc823fd2bc91fe68dad5ae9261cb33bc8ae18e036010d18b8f8ccf4f1eb6d4cf06003f222c2749317adb42a9674bc37bb7867a6ef1acedfc9ed5712494d16f4aa9a643df3e2609fc88cdc4ac08717580701c74fb82b0924a621a1a000200e004e9d2494a49249253ffd0f554924925292492494a4924925292492494a4924925292492494a4924925292492494a49249253fffd9003842494d042100000000005300000001010000000f00410064006f00620065002000500068006f0074006f00730068006f00700000001200410064006f00620065002000500068006f0074006f00730068006f007000200043005300000001003842494d04060000000000070006000000010100ffe117fa687474703a2f2f6e732e61646f62652e636f6d2f7861702f312e302f003c3f787061636b657420626567696e3d27efbbbf272069643d2757354d304d7043656869487a7265537a4e54637a6b633964273f3e0a3c783a786d706d65746120786d6c6e733a783d2761646f62653a6e733a6d6574612f2720783a786d70746b3d27584d5020746f6f6c6b697420332e302d32382c206672616d65776f726b20312e36273e0a3c7264663a52444620786d6c6e733a7264663d27687474703a2f2f7777772e77332e6f72672f313939392f30322f32322d7264662d73796e7461782d6e73232720786d6c6e733a69583d27687474703a2f2f6e732e61646f62652e636f6d2f69582f312e302f273e0a0a203c7264663a4465736372697074696f6e207264663a61626f75743d27757569643a35316162306532312d353761352d313165302d393266312d393533613838663238323232270a2020786d6c6e733a657869663d27687474703a2f2f6e732e61646f62652e636f6d2f657869662f312e302f273e0a20203c657869663a436f6c6f7253706163653e313c2f657869663a436f6c6f7253706163653e0a20203c657869663a506978656c5844696d656e73696f6e3e3236303c2f657869663a506978656c5844696d656e73696f6e3e0a20203c657869663a506978656c5944696d656e73696f6e3e3330303c2f657869663a506978656c5944696d656e73696f6e3e0a203c2f7264663a4465736372697074696f6e3e0a0a203c7264663a4465736372697074696f6e207264663a61626f75743d27757569643a35316162306532312d353761352d313165302d393266312d393533613838663238323232270a2020786d6c6e733a7064663d27687474703a2f2f6e732e61646f62652e636f6d2f7064662f312e332f273e0a203c2f7264663a4465736372697074696f6e3e0a0a203c7264663a4465736372697074696f6e207264663a61626f75743d27757569643a35316162306532312d353761352d313165302d393266312d393533613838663238323232270a2020786d6c6e733a70686f746f73686f703d27687474703a2f2f6e732e61646f62652e636f6d2f70686f746f73686f702f312e302f273e0a20203c70686f746f73686f703a486973746f72793e3c2f70686f746f73686f703a486973746f72793e0a203c2f7264663a4465736372697074696f6e3e0a0a203c7264663a4465736372697074696f6e207264663a61626f75743d27757569643a35316162306532312d353761352d313165302d393266312d393533613838663238323232270a2020786d6c6e733a746966663d27687474703a2f2f6e732e61646f62652e636f6d2f746966662f312e302f273e0a20203c746966663a4f7269656e746174696f6e3e313c2f746966663a4f7269656e746174696f6e3e0a20203c746966663a585265736f6c7574696f6e3e37322f313c2f746966663a585265736f6c7574696f6e3e0a20203c746966663a595265736f6c7574696f6e3e37322f313c2f746966663a595265736f6c7574696f6e3e0a20203c746966663a5265736f6c7574696f6e556e69743e323c2f746966663a5265736f6c7574696f6e556e69743e0a203c2f7264663a4465736372697074696f6e3e0a0a203c7264663a4465736372697074696f6e207264663a61626f75743d27757569643a35316162306532312d353761352d313165302d393266312d393533613838663238323232270a2020786d6c6e733a7861703d27687474703a2f2f6e732e61646f62652e636f6d2f7861702f312e302f273e0a20203c7861703a437265617465446174653e323031312d30332d32365430383a33333a35372d30343a30303c2f7861703a437265617465446174653e0a20203c7861703a4d6f64696679446174653e323031312d30332d32365430383a33333a35372d30343a30303c2f7861703a4d6f64696679446174653e0a20203c7861703a4d65746164617461446174653e323031312d30332d32365430383a33333a35372d30343a30303c2f7861703a4d65746164617461446174653e0a20203c7861703a43726561746f72546f6f6c3e41646f62652050686f746f73686f702043532057696e646f77733c2f7861703a43726561746f72546f6f6c3e0a203c2f7264663a4465736372697074696f6e3e0a0a203c7264663a4465736372697074696f6e207264663a61626f75743d27757569643a35316162306532312d353761352d313165302d393266312d393533613838663238323232270a2020786d6c6e733a7861704d4d3d27687474703a2f2f6e732e61646f62652e636f6d2f7861702f312e302f6d6d2f273e0a20203c7861704d4d3a446f63756d656e7449443e61646f62653a646f6369643a70686f746f73686f703a35316162306532302d353761352d313165302d393266312d3935336138386632383232323c2f7861704d4d3a446f63756d656e7449443e0a203c2f7264663a4465736372697074696f6e3e0a0a203c7264663a4465736372697074696f6e207264663a61626f75743d27757569643a35316162306532312d353761352d313165302d393266312d393533613838663238323232270a2020786d6c6e733a64633d27687474703a2f2f7075726c2e6f72672f64632f656c656d656e74732f312e312f273e0a20203c64633a666f726d61743e696d6167652f6a7065673c2f64633a666f726d61743e0a203c2f7264663a4465736372697074696f6e3e0a0a3c2f7264663a5244463e0a3c2f783a786d706d6574613e0a202020202020202020202020202020202020202020202020202020202020202020202020202020202020202020202020202020202020202020202020202020202020202020202020202020202020202020202020202020202020202020202020202020200a202020202020202020202020202020202020202020202020202020202020202020202020202020202020202020202020202020202020202020202020202020202020202020202020202020202020202020202020202020202020202020202020202020200a202020202020202020202020202020202020202020202020202020202020202020202020202020202020202020202020202020202020202020202020202020202020202020202020202020202020202020202020202020202020202020202020202020200a202020202020202020202020202020202020202020202020202020202020202020202020202020202020202020202020202020202020202020202020202020202020202020202020202020202020202020202020202020202020202020202020202020200a202020202020202020202020202020202020202020202020202020202020202020202020202020202020202020202020202020202020202020202020202020202020202020202020202020202020202020202020202020202020202020202020202020200a202020202020202020202020202020202020202020202020202020202020202020202020202020202020202020202020202020202020202020202020202020202020202020202020202020202020202020202020202020202020202020202020202020200a202020202020202020202020202020202020202020202020202020202020202020202020202020202020202020202020202020202020202020202020202020202020202020202020202020202020202020202020202020202020202020202020202020200a202020202020202020202020202020202020202020202020202020202020202020202020202020202020202020202020202020202020202020202020202020202020202020202020202020202020202020202020202020202020202020202020202020200a202020202020202020202020202020202020202020202020202020202020202020202020202020202020202020202020202020202020202020202020202020202020202020202020202020202020202020202020202020202020202020202020202020200a202020202020202020202020202020202020202020202020202020202020202020202020202020202020202020202020202020202020202020202020202020202020202020202020202020202020202020202020202020202020202020202020202020200a202020202020202020202020202020202020202020202020202020202020202020202020202020202020202020202020202020202020202020202020202020202020202020202020202020202020202020202020202020202020202020202020202020200a202020202020202020202020202020202020202020202020202020202020202020202020202020202020202020202020202020202020202020202020202020202020202020202020202020202020202020202020202020202020202020202020202020200a202020202020202020202020202020202020202020202020202020202020202020202020202020202020202020202020202020202020202020202020202020202020202020202020202020202020202020202020202020202020202020202020202020200a202020202020202020202020202020202020202020202020202020202020202020202020202020202020202020202020202020202020202020202020202020202020202020202020202020202020202020202020202020202020202020202020202020200a202020202020202020202020202020202020202020202020202020202020202020202020202020202020202020202020202020202020202020202020202020202020202020202020202020202020202020202020202020202020202020202020202020200a202020202020202020202020202020202020202020202020202020202020202020202020202020202020202020202020202020202020202020202020202020202020202020202020202020202020202020202020202020202020202020202020202020200a202020202020202020202020202020202020202020202020202020202020202020202020202020202020202020202020202020202020202020202020202020202020202020202020202020202020202020202020202020202020202020202020202020200a202020202020202020202020202020202020202020202020202020202020202020202020202020202020202020202020202020202020202020202020202020202020202020202020202020202020202020202020202020202020202020202020202020200a202020202020202020202020202020202020202020202020202020202020202020202020202020202020202020202020202020202020202020202020202020202020202020202020202020202020202020202020202020202020202020202020202020200a202020202020202020202020202020202020202020202020202020202020202020202020202020202020202020202020202020202020202020202020202020202020202020202020202020202020202020202020202020202020202020202020202020200a202020202020202020202020202020202020202020202020202020202020202020202020202020202020202020202020202020202020202020202020202020202020202020202020202020202020202020202020202020202020202020202020202020200a202020202020202020202020202020202020202020202020202020202020202020202020202020202020202020202020202020202020202020202020202020202020202020202020202020202020202020202020202020202020202020202020202020200a202020202020202020202020202020202020202020202020202020202020202020202020202020202020202020202020202020202020202020202020202020202020202020202020202020202020202020202020202020202020202020202020202020200a202020202020202020202020202020202020202020202020202020202020202020202020202020202020202020202020202020202020202020202020202020202020202020202020202020202020202020202020202020202020202020202020202020200a202020202020202020202020202020202020202020202020202020202020202020202020202020202020202020202020202020202020202020202020202020202020202020202020202020202020202020202020202020202020202020202020202020200a202020202020202020202020202020202020202020202020202020202020202020202020202020202020202020202020202020202020202020202020202020202020202020202020202020202020202020202020202020202020202020202020202020200a202020202020202020202020202020202020202020202020202020202020202020202020202020202020202020202020202020202020202020202020202020202020202020202020202020202020202020202020202020202020202020202020202020200a202020202020202020202020202020202020202020202020202020202020202020202020202020202020202020202020202020202020202020202020202020202020202020202020202020202020202020202020202020202020202020202020202020200a202020202020202020202020202020202020202020202020202020202020202020202020202020202020202020202020202020202020202020202020202020202020202020202020202020202020202020202020202020202020202020202020202020200a202020202020202020202020202020202020202020202020202020202020202020202020202020202020202020202020202020202020202020202020202020202020202020202020202020202020202020202020202020202020202020202020202020200a202020202020202020202020202020202020202020202020202020202020202020202020202020202020202020202020202020202020202020202020202020202020202020202020202020202020202020202020202020202020202020202020202020200a202020202020202020202020202020202020202020202020202020202020202020202020202020202020202020202020202020202020202020202020202020202020202020202020202020202020202020202020202020202020202020202020202020200a202020202020202020202020202020202020202020202020202020202020202020202020202020202020202020202020202020202020202020202020202020202020202020202020202020202020202020202020202020202020202020202020202020200a202020202020202020202020202020202020202020202020202020202020202020202020202020202020202020202020202020202020202020202020202020202020202020202020202020202020202020202020202020202020202020202020202020200a202020202020202020202020202020202020202020202020202020202020202020202020202020202020202020202020202020202020202020202020202020202020202020202020202020202020202020202020202020202020202020202020202020200a202020202020202020202020202020202020202020202020202020202020202020202020202020202020202020202020202020202020202020202020202020202020202020202020202020202020202020202020202020202020202020202020202020200a202020202020202020202020202020202020202020202020202020202020202020202020202020202020202020202020202020202020202020202020202020202020202020202020202020202020202020202020202020202020202020202020202020200a202020202020202020202020202020202020202020202020202020202020202020202020202020202020202020202020202020202020202020202020202020202020202020202020202020202020202020202020202020202020202020202020202020200a202020202020202020202020202020202020202020202020202020202020202020202020202020202020202020202020202020202020202020202020202020202020202020202020202020202020202020202020202020202020202020202020202020200a202020202020202020202020202020202020202020202020202020202020202020202020202020202020202020202020202020202020202020202020202020202020202020202020202020202020202020202020202020202020202020202020202020200a202020202020202020202020202020202020202020202020202020202020202020202020202020202020202020202020202020202020200a3c3f787061636b657420656e643d2777273f3effe20c584943435f50524f46494c4500010100000c484c696e6f021000006d6e74725247422058595a2007ce00020009000600310000616373704d5346540000000049454320735247420000000000000000000000000000f6d6000100000000d32d4850202000000000000000000000000000000000000000000000000000000000000000000000000000000000000000000000001163707274000001500000003364657363000001840000006c77747074000001f000000014626b707400000204000000147258595a00000218000000146758595a0000022c000000146258595a0000024000000014646d6e640000025400000070646d6464000002c400000088767565640000034c0000008676696577000003d4000000246c756d69000003f8000000146d6561730000040c0000002474656368000004300000000c725452430000043c0000080c675452430000043c0000080c625452430000043c0000080c7465787400000000436f70797269676874202863292031393938204865776c6574742d5061636b61726420436f6d70616e790000646573630000000000000012735247422049454336313936362d322e31000000000000000000000012735247422049454336313936362d322e31000000000000000000000000000000000000000000000000000000000000000000000000000000000000000000000000000058595a20000000000000f35100010000000116cc58595a200000000000000000000000000000000058595a200000000000006fa2000038f50000039058595a2000000000000062990000b785000018da58595a2000000000000024a000000f840000b6cf64657363000000000000001649454320687474703a2f2f7777772e6965632e636800000000000000000000001649454320687474703a2f2f7777772e6965632e63680000000000000000000000000000000000000000000000000000000000000000000000000000000000000000000064657363000000000000002e4945432036313936362d322e312044656661756c742052474220636f6c6f7572207370616365202d207352474200000000000000000000002e4945432036313936362d322e312044656661756c742052474220636f6c6f7572207370616365202d20735247420000000000000000000000000000000000000000000064657363000000000000002c5265666572656e63652056696577696e6720436f6e646974696f6e20696e2049454336313936362d322e3100000000000000000000002c5265666572656e63652056696577696e6720436f6e646974696f6e20696e2049454336313936362d322e31000000000000000000000000000000000000000000000000000076696577000000000013a4fe00145f2e0010cf140003edcc0004130b00035c9e0000000158595a2000000000004c09560050000000571fe76d6561730000000000000001000000000000000000000000000000000000028f0000000273696720000000004352542063757276000000000000040000000005000a000f00140019001e00230028002d00320037003b00400045004a004f00540059005e00630068006d00720077007c00810086008b00900095009a009f00a400a900ae00b200b700bc00c100c600cb00d000d500db00e000e500eb00f000f600fb01010107010d01130119011f0125012b01320138013e0145014c0152015901600167016e0175017c0183018b0192019a01a101a901b101b901c101c901d101d901e101e901f201fa0203020c0214021d0226022f02380241024b0254025d02670271027a0284028e029802a202ac02b602c102cb02d502e002eb02f50300030b03160321032d03380343034f035a03660372037e038a039603a203ae03ba03c703d303e003ec03f9040604130420042d043b0448045504630471047e048c049a04a804b604c404d304e104f004fe050d051c052b053a05490558056705770586059605a605b505c505d505e505f6060606160627063706480659066a067b068c069d06af06c006d106e306f507070719072b073d074f076107740786079907ac07bf07d207e507f8080b081f08320846085a086e0882089608aa08be08d208e708fb09100925093a094f09640979098f09a409ba09cf09e509fb0a110a270a3d0a540a6a0a810a980aae0ac50adc0af30b0b0b220b390b510b690b800b980bb00bc80be10bf90c120c2a0c430c5c0c750c8e0ca70cc00cd90cf30d0d0d260d400d5a0d740d8e0da90dc30dde0df80e130e2e0e490e640e7f0e9b0eb60ed20eee0f090f250f410f5e0f7a0f960fb30fcf0fec1009102610431061107e109b10b910d710f511131131114f116d118c11aa11c911e81207122612451264128412a312c312e31303132313431363138313a413c513e5140614271449146a148b14ad14ce14f01512153415561578159b15bd15e0160316261649166c168f16b216d616fa171d17411765178917ae17d217f7181b18401865188a18af18d518fa19201945196b199119b719dd1a041a2a1a511a771a9e1ac51aec1b141b3b1b631b8a1bb21bda1c021c2a1c521c7b1ca31ccc1cf51d1e1d471d701d991dc31dec1e161e401e6a1e941ebe1ee91f131f3e1f691f941fbf1fea20152041206c209820c420f0211c2148217521a121ce21fb22272255228222af22dd230a23382366239423c223f0241f244d247c24ab24da250925382568259725c725f726272657268726b726e827182749277a27ab27dc280d283f287128a228d429062938296b299d29d02a022a352a682a9b2acf2b022b362b692b9d2bd12c052c392c6e2ca22cd72d0c2d412d762dab2de12e162e4c2e822eb72eee2f242f5a2f912fc72ffe3035306c30a430db3112314a318231ba31f2322a3263329b32d4330d3346337f33b833f1342b3465349e34d83513354d358735c235fd3637367236ae36e937243760379c37d738143850388c38c839053942397f39bc39f93a363a743ab23aef3b2d3b6b3baa3be83c273c653ca43ce33d223d613da13de03e203e603ea03ee03f213f613fa23fe24023406440a640e74129416a41ac41ee4230427242b542f7433a437d43c044034447448a44ce45124555459a45de4622466746ab46f04735477b47c04805484b489148d7491d496349a949f04a374a7d4ac44b0c4b534b9a4be24c2a4c724cba4d024d4a4d934ddc4e254e6e4eb74f004f494f934fdd5027507150bb51065150519b51e65231527c52c75313535f53aa53f65442548f54db5528557555c2560f565c56a956f75744579257e0582f587d58cb591a596959b85a075a565aa65af55b455b955be55c355c865cd65d275d785dc95e1a5e6c5ebd5f0f5f615fb36005605760aa60fc614f61a261f56249629c62f06343639763eb6440649464e9653d659265e7663d669266e8673d679367e9683f689668ec6943699a69f16a486a9f6af76b4f6ba76bff6c576caf6d086d606db96e126e6b6ec46f1e6f786fd1702b708670e0713a719571f0724b72a67301735d73b87414747074cc7528758575e1763e769b76f8775677b37811786e78cc792a798979e77a467aa57b047b637bc27c217c817ce17d417da17e017e627ec27f237f847fe5804780a8810a816b81cd8230829282f4835783ba841d848084e3854785ab860e867286d7873b879f8804886988ce8933899989fe8a648aca8b308b968bfc8c638cca8d318d988dff8e668ece8f368f9e9006906e90d6913f91a89211927a92e3934d93b69420948a94f4955f95c99634969f970a977597e0984c98b89924999099fc9a689ad59b429baf9c1c9c899cf79d649dd29e409eae9f1d9f8b9ffaa069a0d8a147a1b6a226a296a306a376a3e6a456a4c7a538a5a9a61aa68ba6fda76ea7e0a852a8c4a937a9a9aa1caa8fab02ab75abe9ac5cacd0ad44adb8ae2daea1af16af8bb000b075b0eab160b1d6b24bb2c2b338b3aeb425b49cb513b58ab601b679b6f0b768b7e0b859b8d1b94ab9c2ba3bbab5bb2ebba7bc21bc9bbd15bd8fbe0abe84beffbf7abff5c070c0ecc167c1e3c25fc2dbc358c3d4c451c4cec54bc5c8c646c6c3c741c7bfc83dc8bcc93ac9b9ca38cab7cb36cbb6cc35ccb5cd35cdb5ce36ceb6cf37cfb8d039d0bad13cd1bed23fd2c1d344d3c6d449d4cbd54ed5d1d655d6d8d75cd7e0d864d8e8d96cd9f1da76dafbdb80dc05dc8add10dd96de1cdea2df29dfafe036e0bde144e1cce253e2dbe363e3ebe473e4fce584e60de696e71fe7a9e832e8bce946e9d0ea5beae5eb70ebfbec86ed11ed9cee28eeb4ef40efccf058f0e5f172f1fff28cf319f3a7f434f4c2f550f5def66df6fbf78af819f8a8f938f9c7fa57fae7fb77fc07fc98fd29fdbafe4bfedcff6dffffffee000e41646f626500644000000001ffdb0084000202020202020202020203020202030403020203040504040404040506050505050505060607070807070609090a0a09090c0c0c0c0c0c0c0c0c0c0c0c0c0c0c01030303050405090606090d0a090a0d0f0e0e0e0e0f0f0c0c0c0c0c0f0f0c0c0c0c0c0c0f0c0c0c0c0c0c0c0c0c0c0c0c0c0c0c0c0c0c0c0c0c0c0c0c0c0c0c0cffc0001108012c010403011100021101031101ffdd00040021ffc401a20000000701010101010000000000000000040503020601000708090a0b0100020203010101010100000000000000010002030405060708090a0b1000020103030204020607030402060273010203110400052112314151061361227181143291a10715b14223c152d1e1331662f0247282f12543345392a2b26373c235442793a3b33617546474c3d2e2082683090a181984944546a4b456d355281af2e3f3c4d4e4f465758595a5b5c5d5e5f566768696a6b6c6d6e6f637475767778797a7b7c7d7e7f738485868788898a8b8c8d8e8f82939495969798999a9b9c9d9e9f92a3a4a5a6a7a8a9aaabacadaeafa110002020102030505040506040803036d0100021103042112314105511361220671819132a1b1f014c1d1e1234215526272f1332434438216925325a263b2c20773d235e2448317549308090a18192636451a2764745537f2a3b3c32829d3e3f38494a4b4c4d4e4f465758595a5b5c5d5e5f5465666768696a6b6c6d6e6f6475767778797a7b7c7d7e7f738485868788898a8b8c8d8e8f839495969798999a9b9c9d9e9f92a3a4a5a6a7a8a9aaabacadaeafaffda000c03010002110311003f00fbf98abb15762aec55a22b8a6d670c369b6c2d31b45b8ad70282b44786d3c4bb86028b5be9e43850d7a5869818bbd3c92385bf4f15e15be97be1b4702e11e0488b7c30533770c692d18f1a6062b0c35ef4c9834d6715b5f57ff2bf0c3c48f03cd77a5ef80966214bbd3da95ca650b6d1b36a94ef8218f852775d4cb58d3a986d487531452ec0c9d8abb15762aec55d8abfffd0fbf98abb15762aec55d8abb15762aec55d8abb15762aec55d8abb15762aec55d8abb15762aec55d8abb15762aec55d8abb15762aec55d8abb15762aec55d8abfffd1fbf98abb15762aec55d8abb15762aec55d8abb15762aec55d8abb15762aec55d8abb15762aec55d8abb15762aec55d8abb15762aec55d8abb15762aec55d8abfffd2fbf98abb15762aec55d8abb15762aec556b1a0c5548c9b62a859af161467760a8a2acc4d0003a9271578e79cff00e7217f2c7c89ce3d6bccd686f50311a744f59495da94a53ae2af98fcc3ff003f05f27dad63d07c97aaeab2ee16666444e86950403d698ab01ffa1f6f37ddcaed65e4eb4b78198fa515c33730bd81a571564fa2ff00ce6ef99a79946a9e4d89e02454db96af5df734ed8abdefcadff3957e51d67d08b55d2eef4396403d596460f183b74e353f7e2af7bd1bcf1e5ad7d165d2758b7bc8d8f156562056a4537a7862aca5660d420820ee08e98aaa07af7c55b04e2abf15762aec55d8abb15762aec55d8abb15762aec55d8abb157ffd3fbf98abb15762aec55d8abb15762aec554e4e98abcc7f33bf32740fcb0f2d5cebfae5c2295522cacb90124f276551d4fd18abf223f337fe724ff00303cfd7b78916a12e8da34d5482c20664655208dd95b63bf6c55f38ced3cf234f733c9712bfda96562ec7e65aa7155b1aaa9a8c553ab390023c715675a5ddaaf1a9c55e8fa4dfc3f0f261f338abd6341d75ad0c6f6d7ad6ecac1818de9b8ef4077c55f447953f35b5ed363b747b817b6a02d524ad48a28ee7c062afa43cb7f987a3eb6111e55b5b86d82c8c154f520024f5a76c55e891cc1bbe2a8ac55d8abb15762aec55d8abb15762aec55d8abb15762aec55fffd4fbf98abb15762aec55d8abb15762ad134c550777730db5bcf7371208a0b78da59a56e8a880b313f203157e2d7fce40fe6a5d7e67799f57f33dc8e3e4df27cafa5f93d45425eb3316177ee6bf0d7b0c55f260d4c4eef23b726909666f127738aaa1b956ee315709413d71545c771c29be2a99c3aa327738aa6516b6c083c8923be2ac86cbcda602bca7e3c68410bb8a7b8538abd1345fcc468de35facb1e943bd7eff004f157b3681f980b212b34fea92015563c78d3a9af018abeb2fca5fcdd3abeaf61e58bdb9fadb5d2b7a372c59990aa808828a0536a6f8abeb25e98aaec55d8abb15762aec55d8abb15762aec55d8abb15762aff00ffd5fbf98abb15762aec55d8abb15762aa6e715781ff00ce437996ebcbff00971ab47613182fb57a5945203422397e197b826aa698abf0bbfe722b5c1e5dd2fcade4bb0256d9d5af5debb9e0e46fbf7624ee3c7157ce9a6ebf3c6155642a09a9009009f1a02315677a7eacd301c9aa714164b6f73ea10a0ef865b0446c94e218c1a191b8af734ae62cb380e40c44a671def97ed8f1b94babb7eeb1432b0fa0a81faf2235512a70c82611f98bc9f10f8fcbba949fe57a73affc6d92fccc590d3c8aff00f1679149a1d035288f8f098ffc6f8fe6429d3c971f34f93c0ff46b7bd81bb068a53fac9c7f311ef63e0c91361e63b8ba9e3b7d0a1bdb89e570b04490c8a0c9f3a53232d581c9b23a5327ea2ffce2e7e50f987478e2f3bf9de507509d3fdc5e9858318430079311b571c7aa136acb8b8367dd2adb665b402bc35705b32176143b15762aec55d8abb15762aec55d8abb15762aff00ffd6fbf98abb15762aec55d8abb15762aa2e695c55f1f7fce536a2a2c7cbba5134f56679d8788029e1e23c7157e08ffce45f9825d53f31aeacd8feef428c59c2012452bc8ec7dcd71578ddadc329071565fa76b2202a5aa40ea075c8ca541944597d3df94de43bff00cc1f4ef9cbd8e8903527b961f13907755cd1eab5c63b3bad368b8b9beeaf2efe59793a148618f41b699a240bea4c0b3350753ee7349975932772edf1e8e20507a459f92349b435b4d02de1a8a164881fc7186aa5dec27a48f70f9a703ca5a738fde6856ce7c5a04fe996fe625de91a58f77dbfb5aff04684df6fcbb69bf7f4547f0c3f99977a0e9a3ddf6b87e5ef9618f26f2f59d7fe318c7f313ef6b3a78f726369e4ed2ac0f2b0d2ed6d189079a4601047420d0d31fcc93cca469c747b87e5a6ad7304bfa02e9da78dab25ac84fd8e2375dfb6db66768b3714b87bdd6f6869b84713de906c33a506dd0f22aaa30365afc28762aec55d8abb15762aec55d8abb15762aec55fffd7fbf98abb15762aec55d8abb15762aa120c55f9dfff003955a813f98de5ad3f97c22ca47e3efc2bfd7157e0cfe6d5fb5dfe65f9c2626bcb507f96caa36c5586c33d298ab20d1a337fa859d906a1bb992207c391a64327d24b386e69fb13e40d16db40f2ce8da55aa2aa4302b395140598549a6721a93ea2f5ba61e90f5cd2e630bab0ea3a66aa7bbb18ecf5ed3ee62b98d4c645081b787cf2fc71b16e26424734e96214cca8c5871ae31af864b8031336b82f860e06b337150074ca2716e84d5f46bcfd17ade9d795e2a260ae6b4d9fe135dc78e666881130e3eb0094087d46a40033af8bc949554e290bb0a5d8abb15762aec55d8abb15762aec55d8abb157ffd0fbf98abb15762aec55d8abb15762aa2fdf157e5c7fce5adfbdafe79794602691cfa6ce4ffb182b8abf09fcf375ebf9dfcd32d7973d42520fd3858da451c95ef8696d99f919f9f9bfcbd193b35e2039566da25bb17d41fb41a4b04b6b551fb3120ff8519c36a244c8fbded7044088f7334b497a50e601b72c10ccf48d45eda446a929fb4a0f519663998b564c7c4f48b3d4239d14ab751d0e66c72d8b718e3a4c43721519609db5ca2dd7240db4c83bae2628050179b2a15fb4b246cbfec5813f86646948130c73ef17d5167389eda0994d44b1ab03f300e7538e40c410f31906e531435c931a54c2aec55d8abb15762aec55d8abb15762aec55d8abfffd1fbf98abb15762aec55d8abb15762aa2f8abf23bfe7e0b35df973cf9e41f34247ca07b6b882807daac7c695229d77eb80a40b7e1beb826bcf346acb12169ee6f1fd38c6e4963b019094e998c36ce6c3f28ff316f6dc5d5b7966ee5848a87050569e15615cc59eae31eadf0d248a2fcbbe57f32797bce3a11d5b47b9b110dfc6923ccbb063daa36cc4cbaf1c2402e462d31121b3f5f34c9eb05b9af58d4fe0339899b25e9b1ed11ee65f673ec37ca64dc0b26b69e806f95966ca2c75168a9f16d9644b09332b2d5e3650188ae64424d1209e473a482a332225c6945b69000687246488c52db993e11f3c18a5bb1ce2a2fa7fcb8feb685a4cbfcf6b19afd19d6e0fa43cc641522190c633218155c58bb15762aec55d8abb15762aec55d8abb15762afffd2fbf98abb15762aec55d8abb15762aa2dd7157e797fcfc43c8d36bdf9536be6db4b7334fe51b90f2f100b08a5d89f1a0deb80a41a7f3f5e4db78b52fcd0b38ee5394336a402d40a1d9abd6a3a8cc0d4c881b3b0d3d17e93c7a8a4656188054501401b000760339bd46720d07770c411ff0055d3f51112dedb4772b1b0740e2b461dc6609c85bc630f47d3ae800a2b40050606f8b2fb4bb1b0ae424da191dbde500df2b2cd3886f0ec2b9208a4ce2bd65a51a99205818a6b06bb750529312be0db8fc7263210c0e305358bcd317fbbea0f8a8db2cf17663e15295ef99f4ff4e3a4ff0013b8555208a935a0df2cc12b34d3a98545f67f95071f2e68a87a8b58ff0056765a6fa43c966facb265cc96a54c50ec55d8abb15762aec55d8abb15762aec55d8abffd3fbf98abb15762aec55d8abb15762aa0e083b62ac5fcd9e5bb0f37797359f2e6a90acf63ac5a4b6b346fb8fde2901b6f03be282fe56bf37ff002d35eff9c77fcf79f44d76da51a7e9f7ef7ba55e91f0cf05490558d41a540cd7eae048d9bf4d928eefa7747d65350b6b7bd8df947708244350766df7a6d5ce5b3c689b7a8c19048587a2e8f742570b5dc0ae6388b916cd2daeb83015c896d0ca6cef2bc77c8166192c179d37c816769bc37a0537c349b4c56fabd0e0a55437bb75c1ba508f7f4ad0e4ad52d92efd7bad321e55692f21017beed4fe3993a5078dc4d59f43f5134780db69d636e47130c08a57c08515cedb4db403c665fa8a749994d56bf02bb15762aec55d8abb15762aec55d8abb15762afffd4fbf98abb15762aec55d8abb15762ad100f5c554a40029c055f1eff00ce587fce327973fe7237c97369f2c31d9f9bf4c065f2f6b41555c4829447722bc4e4642c309737e1968f61e6dfca7f34dd7e56fe62e9973a6eb16733ad9ea530220990502812391d7b6735da30eaef3b3e4f7bf2f5e869d8ab578514fbf2aff4cd3877836a67bf59e0c189ca8b704eecf50029be0a4db21b7d486df16349b4d62d446df164805b47c7a88fe6c34b6aa751ff002b052da1defc7f36575bb2b4dfc916e75ff3c797b4c41ce9771c8c3d9183781f019b5d143775fab9ed4fd5e886d9d6637939a217321a82fc0c9d8abb15762aec55d8abb15762aec55d8abb157fffd5fbf98abb15762aec55d8abb15762aec554e415191290807880a93840d981e6fceaff009f80f947cbbaef91748bfbdd3e31aada5cb7a1a9c602cc052817950d47cf347da70eaee3b35f983a35e1b296d5c9dad590a8f10b4dbf0ce748a77ef6f96e164896453b1008fa7214ced6c3a805a0e5829369d5bea436f8b1a5e24de2d446df1615e24726a407ed62b6bdb54dbed62bc4857d536fb78231b2a66fa4ff00e714f459758f3d5f6b8ca1ad744b720b1aeef36cb4dfa82066ff00b3f1d905d2ebb25021fa4f1ad00ce86229d148aa8c930017614bb15762aec55d8abb15762aec55d8abb15762afffd6fbf98abb15762aec55d8abb15762aec5569a6464a859ba1c94189e6fceeff9cecbd0be4ed2ad6bf13dcf4fa7351da4363f1fd2eebb346df17e4f82cad9cbc9de5bd47cb7abaddda9b399eb35bafc24f529dba9de982920ab5cced1486876c696d7c1a9d3f6b1a5b4ce3d57fcac0946a6abfe56045aa9d536fb55c55052ea84ecadd72701bb1917eb17fce2c792a5f2bfe5edadedf43c351d75dae66723731b50c62b4aec36eb9d5767c2a2f39ad9d97d4ab403368ebad70232212bb26aec55aa8c55d518ab75c516d546296f15762aec55d8abb157ffd7fbf98abb15762aec55d8ab471416b1b452d382d34a6e68301dd210134dc450e01b239bf27ffe736bcd49aaf99edbcb56d2074b0556b803f6580351d3c7df39eed2d4731deeff00b3b09ab7e7f491956229d334776ed88a54b4ba92cae229d18828c0900d2a3b8fa462d7659e417b6fa9c019180969fbc8cf553fc47be36b6914ef716d21575205763d8fc8e28b69352653b9c5989231754a7ed6478c321125cdac051bb6102d354f6aff009c7ff205f7e6bf9ff4fb08e22fa2698eb73ad4c7ec7a4a7ec9dc6e7c3365a3c064793acd666e1e45fb83a6595be9b676b61671086d6ce258608d760150506751861c229d0ccda626423320b58083b9d56cac42bdf5dc56aae688d2b05a91e15eb9529d924b8f3df956dc95935bb70478723fa81c9b1b0930fcd4f28fa851af9e301b8faaf1909d695af8614da676ff00985e4dbb758a0f3159bcadf663e641d854f503232d99c7764f15e47322cb0c8b2c4df66442194f6d88c31dd128a2525e43ae4c86ae4a81b7cae99892b0e9924b78abb15762aec55fffd0fbf98abb15762aec55d8ab44d301558ce06202950332e1e0626618febbe67d0bcbf692de6b5aa5b69d044a599a69154d0027604d4f4cb31e1948d00d53cc007c0df9b7ff0039ada5dbdc5cf96bf2caddafb50ab24be62994186323af043d7bef5fbb2cd4698c63bf36bc1a8129793e06d76ef53f305e5c6afaadc3de6a17ac64bab87ea58f5ce0fb4f1c849ee7413898879f5f5a1566205335d8cb9b96290ba1077cb5c6a6e292481d648dca3a9a8618a293a7d58dc20599541f6aff0012715a4b25950eea701dd8722a0263d2b4f7c88c44b7c7280cafc9be4af337e616bb67e5ff002c69b2ea1757322ac8e80f08d49152cd4a0eb9b1d3e94c8b467d4462fdc7fc89fc99d1bf26fca09a5d9c61f56d4089f59bc34663211f60352a42e747a6d38845e7b539fc495bd8af355b1d321f5af6e52de3de85ceec46f451d49f6199d114e1ca4c367f30eb7ad291a122697661893ab5c717aaaf708c283a1f1fa3233980d12cc03cbfcd3e63fcbff2cc66eb5ef34fe91d4a52c6678dfd4e656b5e31a16e3d3a5730f26a043ab87aad688757866aff009efe498f98d23429353a13479a354af4dfe304f8e639d73af3da6f39bdfcf8b492a65f25b5ba9fe591283fe132b3da3e6d67b5bcff001f3485ff003a7ca772c62beb1b8d2c115f5914390476f8057250d75940ed711366d9b7967f31668278b50f2879b59c4677b4794b03bee0c4de3f2fa73331ea5d8e9bb56393abe97f26ff00ce4144f32d9f9c2dd6d958009a8dbad579500f897b026a7db3263981e6ec4658cfc9f4d69da9d86a76d1de69f751dddb4bbc7344c08396f365c05340f81985406b8ab78abb15762aff00ffd1fbf98abb15762aec554cbd315536718d2a4babeb9a6689652ea1aa5e47656908ac93c868077cb61032341a72cc446ef94bcd5ff391971a8ddbe93f971a5fd7660cd1c9aa5fa98e36ff002ade868dd0ee7eecdbe97b38cf793a7d4ebb8793e69f3d7917cf5f98524d79afeb77778645aa583480a020542d15c77cdd47b3e300ea7f3e6469f3f6adf96da97960c915e58adba03f0b9352c3b1dc93df232d178916d86ac425ef63b1424a342630028f84fb6709db3d9e237b7e28bdb76376813513d18dea1a7d439a78e70938f0c8bd9e397186137366ca4ed882c084b1a16a914c2c696081c9e98a446d129a73c94de95f6c963f51a63930ecfa2342fc826bbd374af30b5ffd76ca4092de5928a31507e2037afdd5cebf45d9119805e5359daa71d80fd26fc83bbfc9dd1ad22d0bca9a6c5e5dd7c285bab7bc4115ccf2103918c926a0fdf9b29687c2e8e043b43c5d897d13e61f305ae8363f5898196694f0b5b71b176f73d80ee70460da64f07d7bcc7a6e9d6f379a3ce77de8d89afd4e390b0567ad4456e95f889a5295ebd729cd3e171734c878c798ff00313ce5e6c0f1da993cb7e5d97905b41ca3bc9141a7efbc2b4da87df3599351d1d1ea758620d3c96e74bb58db998c3c89bac8fb9af8efdf35f9a467cdd2e5cf2c9cd8c6a0a6a76cc3945c5902c1f505ddb28902d122584ea00ef958970b4104b06ba925b49d6e6ce46b59e33557889535ed4a65f0d511d530cd2c66ed9d7963f39af348952d7ccf1bdfe9cc389bc0099576dba75e99b1c1ad3c8bbcd0f6c98ed27da5f969f9b177e5a8edb56d12fc6a7e5bbb21a7b40fc9373b8a7ecb8aee33778735bd869b5a32003982fd03f2a799f4ef3568d69ac69d2abc572819e2afc51b11f6581a11998e632b43f762aab8abb15762afffd2fbf98abb155a4e409dd548b1cb3a2141e4a6544eec4ca9e31f9a1f9cfe5dfcb9b5e170ff00a47599949b4d2a1605891dde9f647cf367a3d1cb31ee0e0eaf583146c737c677d279d3f373501ae79defa5d3746535d3f40b6ac5f056abcb61b50f522bf2cea74bd998c0798d4f6ae436f46d2f4ab3d3608edacadd60863144519b68608631b07533d44f21dcb25823a019099642c2a4fa659ea11986f6d63b98ff00964507b83b7874ca78ab93740f13c4bcdbf937a54af2df69119b76e3f1c15620d013b501a76cd5ebf4b1cf136ef3b3f592c0767cc5e69f2a5ee8f23a5d40d18e442b50d3afca99e65db1d99181243e8fd97aff00140799dde9c86a42d7df38d8ca76f506302122934e15345ccc8c9c494776a3d3857a65739b663c69b5be9e806eb534f8706191126dcb0062fb0bf21fcc7c75e7f28ea2cab6577a5a3d91614adef23cd435456aa0ec33d3bb0f506429f2ef68b1089263e6f65f3cf91b4d9addf5280c963a9c47fd16f61728e24dca92db9a027a7dd9d16a21031b2f37a19cf8f86d1da66afabdbe99a7ea7e6ed5df55bad3e01040e09f8d56bc00069563dfef3b6729aacbc12a1c9dfe4ca635ee489f4fbad7ef24d77cc8a2e629087d274694728ad146c1b8b6c59bad69eff2d5e4ca65cdc2c99a454750504bedd730e6eb338e22c1f508c7c5b66349d7ce14c17504fb59512d4584ea11ecc72891689b04d453ed6634f7698866df949f91fad7e716ab3456edf50d02c980d47576069d4552323ab5333b45a1f14efc9d8e97b3ff00312008d9f6d4dff382bf93171a58b59ceb0f79c56b766f1a85c52a7801df7ef9bc8f66e386e39bd0e3f67f0445f57c29e78f26798ffe7163cf1069f7176fac791b5d6fdd0f88a286dc8a35017504ee06ff00ae89138a4ebf219693250e4fa97f2aff00324f95754b4d6349bafaff0096b524ff004db70dc95c381c593c0aff00b79b1c1a8e27a9d1ea23906efd1bd1f53b7d5b4fb4d4ad1f9db5ec62585aa0fc27e599f4e664149d29a8c896b8aec0c9d8abffd3fbf98abb155372060a625419860b67d1e01f9e3f9c361f965a37a16e7eb5e66d5519348b25df893b7a8fe0066768746734bc9d66bf51e14767c6de5af2edf6af7cde69f34dc4ba86b178deabacb4654624d40dd81005299dd69b422110f1da9d74a469ec1144115400050741999185381295a6502f4db04cd32846d37886c36cc391ddcae1d9318929be5522cf1c510d02caa432d41d883df2b3bb911951798f9bbc95697d1b3c7669312a79ab81d2b5d8f5df39fed2d08c97e6f41d9daf3022cbe54f38fe53eafa6c736a5a5db3dd5a0de4b341ca44daa48504923382d676470dc83dbe8fb5c642224bc465b6e2ccac851d490c8c28411d410739acd13134f4984890b5110807298c496f2404db4fd36eb51b982c6c606b8bab96090c482a4939998716ee367ca045f4bf9c3ca8df9437bf9337b3297be9efa29b56b9018067600189986e684f4ceebb209853e7ddb03c525f4279a351fd29a85a69d6f30368a11e46435ab49d09f9039bed4ea683cf69f4fc06ca57696936b9ac4b07a4ade5fd147162370f78a774607a8009aedfaf398cf3322e56636c8afa3a54533124e24d846a0942d98f270a6c23515fb59490d128db04d417ae51370b2ecc2750a508cc696ee2f34afcb9e4cd5ff31bcd7a6792b4386b36a86b7f76c40105ad692482bdc0f1cb74d80ce74e7e834c726401fb01e41fcbdd0ff2efcb3a6f96742b6586dec2255967028f3c8051a573d4963be753a7c02029ec74fa518c5335294db2f9ec1cf90003f35bfe7e0f35b2797fcb50385f5e4ba261256a76515de9b74cd1f684c443c576fe4e0b2f8cff0021fcf8d1dec9e44d5a4ff47d46b368f76f4e36ce9b9852bb9f50d4e61e8f566e8b89d89da678b8645fac3ff38f9e719a482efca9a8ca5a5b6632d8f2a9214f55f0a786753867c717d0f1cbc58df73ead8cd464cb1aa54c0aec55ffd4fbf98abb1542cc77c04ad313f35798ec3ca7a0ea9e60d4e411d9e97034d2d4815a74515f139660c4724844757173e718c12fcc6b2d4355fcd8f3add79d75e668d3d52da5d99a80b046d4e3414a6c6951df3d07b3b4031c0121e475dac33ba7b8c11a44a1540006c00cdb5ba0e147c66a7225b2213287a8cc79eee44364de1e998c62ddc499c398998d3762099c4b5195464ce417c96a932f161d704b70e4612420d34508f48c121f620e69f55a4121b3b5d36a784eef3bf35fe45683ad2b49269cb6ef2b7233c20862d52776527a939c6ebbb22cdbd9e8bb57876b7904bff38b65a4ac17f2053d1486ff009a73563b2b87a3b4fe53e2eaf7cfcacfc88d1fcab343a85cdb89f50869c6620820d06f5d8f6ccfc7a2a01c2d56b76d8eec4bfe733b4e11792fc9f7b12179ad3592e8fd789f4faf87df9b8d2e3e12e8272e3d981e8d3cb0e8b15d4ae4dd496d1c711a024cb2aa8534ff005b2cd5ce8383a988807b7796b486d17cbf676b32d2f655f5f526a925a77039124f7e83e8cd244dbae8cf890fa82820e464c66c17515eb98d270e6c23515eb98f3953493b303d4a3a13ef5cc494edd66a67bbcf7599638542975f56460a91d7e235d85075eb92c51e22c74f1e32fd0aff009c65fcaeff0008e807cc7a9c0bfa675f459139afef20888d93daa0d737da1d3f0fa9ec3b334a21ea7d57b019b5e4ee0ca98779c3cd9a2792f43d43cc5e60bd8ec34cd36169679a460b5e22bc56bd49ec330b539c405971f3ea442365f81df9f5f9cda9fe7379c6e357959a1d12d18c7a2591d80886c1c8f123390d6ea8e43bbe65dadac39a64178ce9d7eda76a1677f09026b2956588ff0094a6a331f4993d56ebf4993c39893f50ff002abce4969ac792fccad2830dff00a26f58114a3801857703739dce8e562df57ec8d478900fd47b2712db43329e4b2a2bab7886151faf33a4ed67cd179160ec55ffd5fbf98abb1542cdd7e7954e54424f27c2ff00f3969e70b895346f21d83845bf9566d4a4573c8aedc50a8236a9077cea3b0f43e21e22f29dafaaa343a30af2ae890e91a7db807d494c31a8938f12142afc34a9ee33baaa023dcf32676ca0b50e429ac945406a4644a6324e601d331e4df129b459448b6809a439879636e463349ac198dc34db769946a3ae0949b2269191a8e43289b9102ce74968e655426ac3afdd9a9d4c69dd698f10a3cd3e1a55a9a110475ff547f4cd4e4abe4ed2048ea5151da4717d840a3bd001910ce6497cdbff003947a58d43c95a5c74aac5a8062283b803be591970b4570eef03d16cbeb9379634d7631c770a92c8c0568608c38db31b5193885381ab971469f4248dc81ae6b46ceb07a58d6a0bd7090bc40b07d4146f5cc5c869c7cd403c77cebe74f2d794ada5b9d77528ed1514958bed48d4afd941b9e99abd565a21d4e5d4c45efc9f1879c7fe721354d559adbca7a725ada39f8750989f5851ba85a81db30a390c8bcf67d7f1ca9ed1ff003869f973e61fce1f3e379a7ce375717fe57f2a37ab6feb6e971704af243da80d337ba0c3c45ea3b134e73104bf6d2d608ad6348a24091a00a88050000500033a484000f718b1888a0a7a85ec7676f2dccac1228519e463b00aa0b13f70c8e4341c7d54f805bf1cff00e72aff003a350fcd7d7e4f28e90ccbe47d0a421a047602f2ee36aacef423ec6e00ce6f5d9cc8d7478fed0ed332263d1f1c4de5f245598861dc0fedcd064c57d5e5b2e1e3376915de8d34453d3acbcabcb6a529f4e4718103cda3e92fb0ff00272f26bbf2122cac44ba7dcb470bd4f250a410413d3af6cebfb3b31980f7decf65263eefdbfa9fb39e44d486abe53f2fde835f56ca205854d782f0aefe34ae6ecbd8cf9b2fc0c5d8abffd6fbf98abb15425cbac68cec68a80b31f0037c8f07116329708b7e56f9af51ff001b7e746b575192d6f63298e2dc103d2f7141e39e81d8b8b8601e0bb5725c8bd7cd1536db37c1d4028412726c9d20a656fdb2a904c53bb73d331e61c8826b11cc79872229a407a663483704d226a663c836047c6db652436046c4fe395483910349de9d786de65607db30b3e3b0ec3066e136f49b6b81246181eb9a3cb8dddc276afceb94014de1e29f9f4824f250a8af1b943f88c91613e4f9abcaa39f983cb6bfc96d7247d1128fe398791d56a1ed5713c36d6f2cf7122c30c2a5a5918d000331e9d7ce25e77279a2eb521249a3795753d634f562a352810042475a06df6c3289a71c464793e46fcf0ff9c8ab7f28acfa26856721f31302b2c72a91e81db7a95a1a7b668b5b98c793aaed1cd384767e796a5ab6bbe6fbf9753d66f65bfb991b93bc8df0af235a01db34529991dde2f2ea083b9655e5bf2a5f6b17d61a4d84467bfd5254b7b3890135673b0fbf3374f8b88f99763a0d29cd21e6fe847f227f2c74ff00ca7fcbbd0fcaf676e21ba110b8d55a9b9b89403257e473afd161f0e3e6fa9766e8c60c60757b4330a66c49a0ec8cb85f19ff00ce50fe6cb69361ff002afbcbd71fee735841fa4a44dcc36ec2a3a0342c3357aace2a9d17696a45101f9e5fe1af4d0058ea4eecfe24f539cf663c46de2f3824dd25b71e5c1425969f466218b47856c66efcba431e23e1f9138041c69e0df67ad7e535a9b3d2359b3a502dc7303e433a4ecb8ecf69ecfc2a34fd74fc917327e5a796c9eab132fdcc737af605eb18a1d8abffd7fbf98abb1561be7bd53f427953cc1aad2bf52b19a403dc29f71991a78f14c071b532a817e617e54c526a971ab7982e0112ddde493a1ad6a24e408a9df635ef9e8fa2c62307cfbb4a7727b65cb80b99f10eba252e8dfe2cb69926f6edd32a906714e209294cc79872609b4325731e41be29b40f98d20dc1328db31e41b023e37db2821b628a8df2262cee9149250835cc7c906c86467ba35f8789222df128dfefcd46a316f6eef4b978800c87d4f7cd6485176903b3cabf39a3facf90f567ebf540b37c8034fd6720792cf93e5cf294eabaff00962662020b69a227fca96250a3e92331323aacef49f35c0b76349b295985b5d5ec71dc0534aa934ca01ddaf1006efc9f5369da669fa7e9f6d63676b1416b0448a91222a8a2802a4000576ccff0ee2e7430c48e4f8cff00e72ebfe71ab49fcd1f2bdcf99f41b28ed3ce3a144d2c52428aa6e23142636e2bb9dbbe697b4b44662c3abed5ece1921c41f8dda6686d6e66b4b9468a586678e614dd5d000c0ede2339a3a43196ef99eb743fbd7e8a7fce177e5326b5e6797cf1a85bab69da12f0b447504198f422a0f4cde767e9b88dbdb7b3fa015c45fac3414ce8e31a7b3b01e77f995e7bb2fcbef2b6a5e61bb0269a08cae9d635f8ae2e08f823006fb9eb95e7cbc3171b55978216fcd73a76b1e61bebcf32ebb27afaceb8ff005999a42fca149006106fd3874e99a2ca49795cf23344b797182ee01f957fa6624b1dbae96124a5371e5d6de807f9fd188c0b1d396357fa0322b338141e1fed644c28b564c041b4d3c976ab6d617d305a567a37bec3fae6f7b3e356f53d8b0a05faabf941652e9ff97be5cb698012180c840dfedb139b790a2f4d31469e999160ec55ffd0fbf98abb157807fce4b6aafa4fe53798658feddca8b714a7fbb030ee0e6d7b1e1c59c075bda394420f8cbf28ad445e54b47a7c528a93f4b1fe39e871870443c0eb7d53b67ba93f0217b915cc9c2389c4884be16f7cbe51a4712736efd3289364649b44dd331e6e44649ac0fd331e41be324de193a663ca2dc24994728db28945b0491d1ca329316c1345a499590c8c95fd51954a2b03ba71a55f082752c763b7e39839f0d876ba5ca212b2cfd27e481abd45739eca2a54f470e56f32fcdfb868ff002e7cdd2ffbeecabf73ae44c7661295be32d32f59f4ab4be82aef68d6b2701424c6a54c9f70cc0c9cdc1cd8c97af7e6979af48d17f2e352f3734c1e1b7b7fade994343238d8501f104f519adc99c6396ee933eabc03bbd23fe71a7f3d741fcebf255b5f5adc2c5ade9205b6b1a5b10258f8d023b28a6cc3c336fa5d5473476e6e7f66f6ac339abdc3e9268c38208055ba83df3227443bbc91e28bf2d7fe7247fe71a3cc56fe7983ccff0097fe5d9754d0fcc9711aea96568bf0d8c84d1e67a9d95ab5cd16ab47c52b8bc96abb165932d8e4fd04fca6fcbeb6fcb6f25e91e5c8950ddc10ab6a73a74926a6e7e8e99b0d2e1f0e34f47a4d38c10a7a4cae111989a051527c00ccc3c9964953e14fcccd6e6fcc1f3bc90c3206d07cacfe9da28278cb3027f7a294fda1dfa529df359a824975babce270e109741a0122a6809e9415fe99847112eabc12518da0517715fa3fb7118485fcbd25575a0800d63ae48c42f860303d7f471158de4a4516143230f65dc8fc329186cb51d3f19d928f2ee932ddc16d696e28faa4c8621e1cc802bfc736da38700dde83b3309c5117d4bf57342b5165a3e976a29fe8f690c669e2a801fc73612366ddcca5c46d36c0c5d8abffd1fbf98abb157c99ff0039917ad69f9452853433ea96919a78126b9bbec31fbfb747db32a8c47bff0043c1fc8169f51f2b69309ebe882df79cf40cbbbc4e73724cb597a4a9fea0fd6732747c9a2fd296c3274cca987189dd38b793a662ca2db129bc3274cc7945c9814d629361944a2dd1299c32f4caa516c053149731e516c051b1cbef9498b6028b59bdf2060cc955f5bdf2a304c64ab15c717520f4394ce1b39b8e6f47d3ef43dac249a9e22a739bd4e1a997a8d3e5e2c51f73ceff003966e5f967e714ad39d8d2bf375ca08b14cc87c81e53b79749d2f4f8a4154bc8482f22d014b8dd86fb6c1a9989930125aa4417ccbff394be7dd5ec342d2ff2d1a3923b38e6fac5a5e72347b3e3b47d4027975db393ed7f44de23da0970ca9f3bfe467e6e798ff267cf7a679a74391a4b456f4f59d289223b985a9504546ea2a466b74bda070cf679ed0ebe5a7ca243bdfd137e597e62e81f99fe55d33cd1a05c2c905f42af3dbd47385cf54615a8dc1ced74da819e361f56d0eb23a880239bd10a8eb993e1b9a20dd061e1a590a78cfe7579d3fc29e5816b68ff00ee675f76b3d36215a9a8fde1006f50a76cab24a83afd44a83c03cb9e5cfd1b650da31134ab569a7029c998d7e669d05735d3365d491c45e8369a31603e1c318b7430a6ada18e3ba64c86c38524bdd1b66e29bf6ca25171e787b9e15e7f28b35a797edda97da9b079945015b743496be048e9b6fbe1c50b2b831eef46fc97f2a2ea7e69b4b8100fa86868b271604aec28ab521866ca11775863bbee98c516997394a9855d8abfffd2fbf98abb157c55ff0039c17063fcb1d3e1ad04babdbd47c89feb9d07608fde13e61e7fb70d70fb8bcfbcb207e84d338f4f4173bbc8f119cfa8a135d349d07f903f59ccad172f8b493b2530bf4ccd907189dd37864a5328945b625378241b663ca2e444a6d14836cc7945c88947c7281df2a9459828e49ba6f94ca2d80a3526f7ca8c5b41442cdef9130664aa7ad5ef959835f13626a11be572c6e463c8ccb46bde5071e552a7341afc7c3bbd1f66e5e28d310fce09f97e5c79b16bf6acc01ff231335188f14c076b98f0c2de387486bef28e8714200b8b4b58dd6bdc3202457df6cdf7f27f1c010e8bf3804e9f3ffe6d7e5ec5f99fe55fd1d170835fd150be8f33507a8c06d1b1f020670ddbdd9c664d730ebbb5b4c7511b0fcdbb7d2eeecb51bab2bd81adaeb4f95a1bbb7905195854679e64c3284f7784cda79639eefb4bfe71b7f3b355fc9fd6ade595a4b8f2bea2ea9ac58035080923d44143d2b9d476567f0c0b7a8ec5ed038a85bf6ef43f3069be65d26c35ad1ee92eec3518566b7990d410c2b43ee3be7550ca242c3e8583511c91b09acb7515ac324f3c8b14312969657345551b924f603233c802e4ca0737c2d3ebb3fe6579f755f365da37e81d264fa8f962ce42488e480d1ee13a7f780f86ff00466065cbc45d4e7cbc45eb9a459890ad57e472b02dab146cbd0ec74d5217e1cc8845d8422136974c50a28bb537cb0c1b0c03cfbceba9e9de56d22e753bd601d471b2b71d6590f451fc4f61944a0d13807ccb0e9b75737f7ba95dc62e35af314b19963e20fa447c291c5dc576a8ae5b8f1b2c7869f6f7e5af9453caba05bc534291ea776a25bf60370c47d82493d333231a0e7423c21e9c05062cdbc55d8abfffd3fbf98abb157c49ff0039c5a26b7aafe59585c68d6af7a74dd4a29eea088166e00fdae23a81df379d89963099b3dce8fb670ca7c24773c3bf2dbceda4eb9a3d9d9c570a97d6f10496dda80d413daa4f6cef8919237136f11a9c1389b2193f980fc71c9fb3c42d7dea4e66e887470272a0c7e293df33a4e309594d2197a6f95c837c4a6b0cbd37cc69b7c649a4537be5126f8c91f1cdef954836828d497df2a906d8a32398f8e5462da110b37be0e15330aa26f7c898b5192ef5878e40c5b213a4ff0044ba025642df686df3cd1769e1262efbb2328e3a2c7ff34a6f5fc99ab5b96dae02467e9719cd68224e516ef75f3ac458136b967a569d6df5999218e1b741f1305278a0e9522bd33d061c020093d1e284a529d0ef799c7ac7e9cd5ca797ecae6ec6cd2cb1c6c38546e4d01ebbe72bdb031e426a9e9f4b86f1faf9bcaff35bf262c3cee24f32e94aba779aec94acd000156ec8d80714a83bf5ff0033e7fafecd3324c43a3ed3ecde31e91bbe65b5d2ef346bbfd15aadabd94f15639e394507200d773b119ab9619628d53cbc7065c52a20bec4fc87fce4f30fe55347a4dc46fac794af1c37d4892cf6c4d393467b023b665e8356624f13d3f64ebfc31ea2fa3bf30ff3bcf9e34e5f2c794a196da1d4871d56f641bfa24fc4801e9d373f40ccccbabe2e4ed336be33e4547cbb1c36d6b6b6b10a476f1ac6bd2a682849a5373d4e57195b4c725bd9b4020fa60fec8ccbc65ccc527aa69a2360b4a57b8ccb810e6c249079bbcf5a0f96145bc921bed4e45261d36dfe27241a00e454254f4aef96d586ebd9f3bead61aaf98b57fd3de6a0d13a7fc72f43ad62854746a743fe75f0c818161c2497b17e5af90cc338f31ead015b843fee36da45fb208fef082363bed974234e5c234f7c8548eb9636a2c74c8b16f15762afffd4fbf98abb154a352b2b6be89a0bb812e21756478e450c0ab6c46fe388c860766bc90e2e6fcf6fce5ff9c60d5347bebef3a7e534d25bb4d59352f2e23710ddcfa5bef53534ff006f3a7ecbed831204b9bceebf45b5f47815af9fafaddc697e664b8b3bf828925b5ca98d5196aa69b134f9fdf9dce8fb431e417d4bc96a3412bd99ad9eaf6b71c3d2995cbf4e26a2bdc57a66e0709e45d64f04a1bd32182e176df2328b5825348ae46dbe512c6cc48a690dc8db7ca258d98c85318ee3a65260dd1ca51d1cc0e5462df0ca8d59d40eb9598b778a578b91fcd8385acc8b9aec2f56c810ce3ba5f71e61d3ad472b8bb4847f33d40fbe9951906f8e391e8abe5ef38695a96b0ba65a5d09a674628f11247c22bd6941f7e697b4f2c440d3bbeccd3cb8c14f3f303cbde73f30f97edec3ca3a5a5fddcf7281e4b9e422551dcb023c7394c1904325bd0eab09963a59e56ff9c5cb8bf92d353fcc6f335dea3711053fa0ed9bfd192805579135eb5e99b3cfda971023f6baad3680c656767d4be5ff0024f967cad67f52d0b46b6d3e034e611012c7c49353be69a794ccd977d0c21e55e7dfc9a87549e6d67cb72ad9df905e7b06da2948dfe123a13893c4199d3021f26f9a7c83a66ae5b48f37e8ed6d2a12a26e3c2e20f168cff98cd56ab0f13a9d5767890dc3c9ae3f2a7ccba0311a05d45af688a4b406e5e97e00eaad183c7b6d4cd50d1127674797b2e503b273a24f7da54abf5dd0753b23d1e59202b182011f6891d6b938e96439ac3472897ade91e6cb1888fac5bce00ef1f1627ef2332238487323a721e91a57e61dadbb84b4f2feb5a8c8ea42470dbab13dea38b9f0f0cb630a72b1e320b36b4b6fcd5f3633410c717917409dff00e3a4cd22eacb18ec223f0827e8cc8844b9d0c442716de51d17ca71496f035febfaf5fbd6e2f9544d77338526b2a8d82d773415cc98072238d99f977c8f29b98757f30fa735e43b5b69e9bc3105dd589aeed5dfb8fe1737c614f5248f80000000e806459229062aa98abb15762aff00ffd5fbf98abb1550916a7018db2010e6107b640fa5aa78ede5be79fc9bf22fe6044575ed16237343c2fe0511cc09aefc80a9eb99da5ed2cb84fa4bafcba184ba3e50f317fce1d6a36331bbf26f993871939241720b10bb53a0dcd6a7be74ba5f694c6849d4eabb278e3b07975efe54fe79f96a691cf97db5fb74a8020e2bca95a1af107b66e21ed0409a127533ec5f262f3eb5e78d264921d5bc9179672c0dc65521de847baa91df3361dae25d43892ec9aef5b6bf993c4d2eb4cbcb67069c7ead33fe341978ed08cbb9a4f66d7e3f62789f99964057ead755ff009859709d547bc7cc28ece3e7f8f82c6fcd24ad20d3eee53d87d5261f8e63cf571ef0e447b3d31b5f38f9a751e274ff002b5ddc061f090920ed5ee998d3d701d43911ecfefb643068df9c7ad464e9de4dbc895b6f5895a2d6a370699afcbdb118f32e663ecaee0ca34cfc88fce1d66359351d4e0d2849d619002c3604568a0f7a66065ed91d0db9d0ecbbda9e9ba1ff00ce2a592012f98fcc136a326d5487928ea7b9df714cd764ed791e4e7c3b303dbbca3f93be47f27c915d699a507bd8d78fd6a722463d37dc7b66bf51ac9e5e6e660d3471f27a6a5ba250228503a0028335f7bb9a770aa2203b6194cb48c6016fd3db18365d346219782c84d8feb5e54d135f8c47aa584570c08293710245a78375f6c8c802a4dbc9755fc94b659049a26a0d6ea6bca1b805c015da846f9186288699611263cdf961e6580952b6f75157a16ad47fab4392940303a708a83f2ff5788abfe84b7665dea117afdc329963627032bb0f2e799212863b44b4294e0d555a53a53739018d31c001b6550f95efae846da95f1665ea8b57a03d402d403eec9883788b28d3f44b2d3c7fa3c23d5228f70d4321069b16a74dba0db2c0299009bac606492a9c30315e05062ade2aec55d8abffd6fbf98abb15688071b4db5c46022d6ddc064781056fa6be1931b31e1527b5864149225707a8600febc98991c8b138a279843b693a6b8a3d85bb8ee1a243fc30f8d3fe71f9b03a781fe11f243b7977416fb5a3591aff00c509fd324351907f11f9b1fc9e23fc214ffc31e5effab258ff00c884fe992fcd65fe71f9a3f2587f9a1553cbda1c7f6347b25f9411ff004c89d4643ce47e6c869710e5108a4d334f8ffbbb1b78ff00d58907ea19039667a9f9b218203a0f92b8b78945163503b00064788b318e23a0708141e98db202954201812df1182914ee23070a6dd4c7855d41840453a98569d418a5a2a0e1b559e92f86369b6c46a3021b28a7052b82018536ba83143a83156f15762aec55d8abb157ffd7fbf98abb15762aec55d8abb15762aec55d8abb15762aec55d8abb15762aec55d8abb15762aec55d8abb15762aec55d8abb15762aec55d8abb15762aec55d8abfffd0fbf98abb15762aec55d8abb15762aec55d8abb15762aec55d8abb15762aec55d8abb15762aec55d8abb15762aec55d8abb15762aec55d8abb15762aec55d8abfffd1fbf98abb15762aec55d8abb15762aec55d8abb15762aec55d8abb15762aec55d8abb15762aec55d8abb15762aec55d8abb15762aec55d8abb15762aec55d8abfffd2fbf98abb15762aec55d8abb15762aec55d8abb15762aec55d8abb15762aec55d8abb15762aec55d8abb15762aec55d8abb15762aec55d8abb15762aec55d8abfffd3fbf98abb15762aec55d8abb15762aec55d8abb15762aec55d8abb15762aec55d8abb15762aec55d8abb15762aec55d8abb15762aec55d8abb15762aec55d8abfffd4fbf98abb15762aec55d8abb15762aec55d8abb15762aec55d8abb15762aec55d8abb15762aec55d8abb15762aec55d8abb15762aec55d8abb15762aec55d8abfffd9, '1990-11-08', 8500);

-- --------------------------------------------------------

--
-- Estructura de tabla para la tabla `tbl_estado_resultado`
--

CREATE TABLE IF NOT EXISTS `tbl_estado_resultado` (
  `codigo_estado_resultado` int(11) NOT NULL AUTO_INCREMENT,
  `codigo_balanza_comprobacion` int(11) NOT NULL,
  `codigo_mayor` int(11) NOT NULL,
  PRIMARY KEY (`codigo_estado_resultado`,`codigo_balanza_comprobacion`,`codigo_mayor`),
  KEY `fk_tbl_estado_resultado_tbl_balanza_comprobacion1_idx` (`codigo_balanza_comprobacion`,`codigo_mayor`)
) ENGINE=InnoDB DEFAULT CHARSET=utf8 AUTO_INCREMENT=1 ;

-- --------------------------------------------------------

--
-- Estructura de tabla para la tabla `tbl_factura`
--

CREATE TABLE IF NOT EXISTS `tbl_factura` (
  `codigo_factura` int(11) NOT NULL AUTO_INCREMENT,
  `codigo_sucursal` int(11) NOT NULL,
  `codigo_empleado` int(11) NOT NULL,
  `codigo_cliente` int(11) NOT NULL,
  `fecha` date NOT NULL,
  `total` double NOT NULL,
  PRIMARY KEY (`codigo_factura`),
  KEY `fk_tbl_ventas_tbl_sucursales1_idx` (`codigo_sucursal`),
  KEY `fk_tbl_ventas_tbl_personal1_idx` (`codigo_empleado`),
  KEY `fk_tbl_ventas_tbl_clientes1_idx` (`codigo_cliente`)
) ENGINE=InnoDB  DEFAULT CHARSET=utf8 AUTO_INCREMENT=6 ;

--
-- Volcado de datos para la tabla `tbl_factura`
--

INSERT INTO `tbl_factura` (`codigo_factura`, `codigo_sucursal`, `codigo_empleado`, `codigo_cliente`, `fecha`, `total`) VALUES
(1, 1, 3, 6, '2016-11-02', 25),
(2, 2, 3, 3, '2016-11-09', 1560),
(3, 2, 3, 3, '2016-11-08', 1780),
(4, 1, 3, 6, '2016-11-01', 40),
(5, 1, 4, 6, '2016-11-01', 0);

-- --------------------------------------------------------

--
-- Estructura de tabla para la tabla `tbl_factura_x_tbl_productos`
--

CREATE TABLE IF NOT EXISTS `tbl_factura_x_tbl_productos` (
  `codigo_factura` int(11) NOT NULL,
  `codigo_producto` int(11) NOT NULL,
  PRIMARY KEY (`codigo_factura`,`codigo_producto`),
  KEY `fk_tbl_factura_has_tbl_productos_tbl_productos1_idx` (`codigo_producto`),
  KEY `fk_tbl_factura_has_tbl_productos_tbl_factura1_idx` (`codigo_factura`)
) ENGINE=InnoDB DEFAULT CHARSET=utf8;

--
-- Volcado de datos para la tabla `tbl_factura_x_tbl_productos`
--

INSERT INTO `tbl_factura_x_tbl_productos` (`codigo_factura`, `codigo_producto`) VALUES
(1, 1),
(1, 2);

-- --------------------------------------------------------

--
-- Estructura de tabla para la tabla `tbl_libro_diario`
--

CREATE TABLE IF NOT EXISTS `tbl_libro_diario` (
  `codigo_partida` int(11) NOT NULL AUTO_INCREMENT,
  `monto_cargado` decimal(45,0) NOT NULL,
  `monto_acreditado` decimal(45,0) NOT NULL,
  `fecha_partida` date NOT NULL,
  `descripcion` varchar(200) NOT NULL,
  PRIMARY KEY (`codigo_partida`)
) ENGINE=InnoDB  DEFAULT CHARSET=utf8 AUTO_INCREMENT=12 ;

--
-- Volcado de datos para la tabla `tbl_libro_diario`
--

INSERT INTO `tbl_libro_diario` (`codigo_partida`, `monto_cargado`, `monto_acreditado`, `fecha_partida`, `descripcion`) VALUES
(1, '1000', '1000', '2016-11-01', 'Compra de sillas para administracion'),
(2, '1000', '1000', '2016-11-01', 'Venta de productos'),
(3, '30000', '30000', '2016-11-01', 'Acreditacion de capital');

-- --------------------------------------------------------

--
-- Estructura de tabla para la tabla `tbl_libro_diario_x_tbl_cuenta_acreditada`
--

CREATE TABLE IF NOT EXISTS `tbl_libro_diario_x_tbl_cuenta_acreditada` (
  `codigo_partida` int(11) NOT NULL,
  `codigo_cuenta` int(11) NOT NULL,
  `monto` double NOT NULL,
  `facturaX` varchar(45) DEFAULT NULL,
  PRIMARY KEY (`codigo_partida`,`codigo_cuenta`),
  KEY `fk_tbl_libro_diario_has_tbl_cuenta_tbl_cuenta2_idx` (`codigo_cuenta`),
  KEY `fk_tbl_libro_diario_has_tbl_cuenta_tbl_libro_diario2_idx` (`codigo_partida`)
) ENGINE=InnoDB DEFAULT CHARSET=utf8;

--
-- Volcado de datos para la tabla `tbl_libro_diario_x_tbl_cuenta_acreditada`
--

INSERT INTO `tbl_libro_diario_x_tbl_cuenta_acreditada` (`codigo_partida`, `codigo_cuenta`, `monto`, `facturaX`) VALUES
(1, 2, 1000, '3549'),
(2, 42, 850, '358'),
(2, 43, 150, '358'),
(3, 27, 30000, NULL);

-- --------------------------------------------------------

--
-- Estructura de tabla para la tabla `tbl_libro_diario_x_tbl_cuenta_cargada`
--

CREATE TABLE IF NOT EXISTS `tbl_libro_diario_x_tbl_cuenta_cargada` (
  `codigo_partida` int(11) NOT NULL,
  `codigo_cuenta` int(11) NOT NULL,
  `monto` double NOT NULL,
  `FacturaX` varchar(45) DEFAULT NULL,
  PRIMARY KEY (`codigo_partida`,`codigo_cuenta`),
  KEY `fk_tbl_libro_diario_has_tbl_cuenta_tbl_cuenta1_idx` (`codigo_cuenta`),
  KEY `fk_tbl_libro_diario_has_tbl_cuenta_tbl_libro_diario1_idx` (`codigo_partida`)
) ENGINE=InnoDB DEFAULT CHARSET=utf8;

--
-- Volcado de datos para la tabla `tbl_libro_diario_x_tbl_cuenta_cargada`
--

INSERT INTO `tbl_libro_diario_x_tbl_cuenta_cargada` (`codigo_partida`, `codigo_cuenta`, `monto`, `FacturaX`) VALUES
(1, 13, 1000, '3549'),
(2, 1, 1000, '358'),
(3, 2, 30000, NULL);

-- --------------------------------------------------------

--
-- Estructura de tabla para la tabla `tbl_libro_diario_x_tbl_subcuenta`
--

CREATE TABLE IF NOT EXISTS `tbl_libro_diario_x_tbl_subcuenta` (
  `codigo_partida` int(11) NOT NULL,
  `codigo_subcuenta` int(11) NOT NULL,
  PRIMARY KEY (`codigo_partida`,`codigo_subcuenta`),
  KEY `fk_tbl_libro_diario_has_tbl_subcuenta_tbl_subcuenta1_idx` (`codigo_subcuenta`),
  KEY `fk_tbl_libro_diario_has_tbl_subcuenta_tbl_libro_diario1_idx` (`codigo_partida`)
) ENGINE=InnoDB DEFAULT CHARSET=utf8;

-- --------------------------------------------------------

--
-- Estructura de tabla para la tabla `tbl_libro_mayor`
--

CREATE TABLE IF NOT EXISTS `tbl_libro_mayor` (
  `codigo_mayor` int(11) NOT NULL AUTO_INCREMENT,
  `concepto` varchar(45) NOT NULL,
  `fecha_concepto` date NOT NULL,
  `cuenta_cargada_codigo_partida` int(11) NOT NULL,
  `cuenta_acreditada_codigo_partida` int(11) NOT NULL,
  `monto_cargado` double NOT NULL,
  `monto_acreditado` double NOT NULL,
  `saldo_mayor` double NOT NULL,
  PRIMARY KEY (`codigo_mayor`),
  KEY `fk_tbl_libro_mayor_tbl_libro_diario_x_tbl_cuenta_cargada1_idx` (`cuenta_cargada_codigo_partida`),
  KEY `fk_tbl_libro_mayor_tbl_libro_diario_x_tbl_cuenta_acreditada_idx` (`cuenta_acreditada_codigo_partida`)
) ENGINE=InnoDB DEFAULT CHARSET=utf8 AUTO_INCREMENT=1 ;

-- --------------------------------------------------------

--
-- Estructura de tabla para la tabla `tbl_libro_mayor_auxiliar`
--

CREATE TABLE IF NOT EXISTS `tbl_libro_mayor_auxiliar` (
  `codigo_mayor_auxiliar` int(11) NOT NULL AUTO_INCREMENT,
  `codigo_subcuenta` int(11) NOT NULL,
  `codigo_partida` int(11) NOT NULL,
  `fecha_partida` varchar(45) NOT NULL,
  `concepto_auxiliar` varchar(45) NOT NULL,
  `monto_cargado` double NOT NULL,
  `monto_acreditado` double NOT NULL,
  `saldo_auxiliar` double NOT NULL,
  PRIMARY KEY (`codigo_mayor_auxiliar`,`codigo_subcuenta`,`codigo_partida`),
  KEY `fk_tbl_libro_mayor_auxiliar_tbl_subcuenta1_idx` (`codigo_subcuenta`),
  KEY `fk_tbl_libro_mayor_auxiliar_tbl_libro_diario1_idx` (`codigo_partida`)
) ENGINE=InnoDB DEFAULT CHARSET=utf8 AUTO_INCREMENT=1 ;

-- --------------------------------------------------------

--
-- Estructura de tabla para la tabla `tbl_marca`
--

CREATE TABLE IF NOT EXISTS `tbl_marca` (
  `codigo_marca` int(11) NOT NULL AUTO_INCREMENT,
  `nombre_marca` varchar(45) NOT NULL,
  PRIMARY KEY (`codigo_marca`)
) ENGINE=InnoDB  DEFAULT CHARSET=utf8 AUTO_INCREMENT=31 ;

--
-- Volcado de datos para la tabla `tbl_marca`
--

INSERT INTO `tbl_marca` (`codigo_marca`, `nombre_marca`) VALUES
(1, 'Mogami'),
(2, 'El padre de la costa'),
(3, 'Coca-Cola'),
(4, 'Heineken'),
(5, 'Yukatekas'),
(6, 'Doritos'),
(7, 'sin marca'),
(8, 'Onix'),
(9, 'Oster'),
(10, 'Don Julio'),
(11, 'Sasson'),
(12, 'Limpiox'),
(13, 'Fabuloso'),
(14, 'Sula'),
(15, 'Leyde'),
(16, 'Mister Musculo'),
(17, 'Patito'),
(18, 'Jonhson''s Baby'),
(19, 'PACASA'),
(20, 'Amigo'),
(21, 'Lego'),
(22, 'TONKA'),
(23, 'Panadeli'),
(24, 'Panquesito'),
(25, 'Pinguinito'),
(26, 'Osito Polar'),
(27, 'Bayer Mascotas'),
(28, 'Perrito Feliz'),
(29, 'Delicia'),
(30, 'Delikatesen');

-- --------------------------------------------------------

--
-- Estructura de tabla para la tabla `tbl_naturaleza`
--

CREATE TABLE IF NOT EXISTS `tbl_naturaleza` (
  `codigo_naturaleza` int(11) NOT NULL AUTO_INCREMENT,
  `tipo` varchar(45) NOT NULL,
  PRIMARY KEY (`codigo_naturaleza`)
) ENGINE=InnoDB  DEFAULT CHARSET=utf8 AUTO_INCREMENT=3 ;

--
-- Volcado de datos para la tabla `tbl_naturaleza`
--

INSERT INTO `tbl_naturaleza` (`codigo_naturaleza`, `tipo`) VALUES
(1, 'Acreedora'),
(2, 'Deudora');

-- --------------------------------------------------------

--
-- Estructura de tabla para la tabla `tbl_pedidos`
--

CREATE TABLE IF NOT EXISTS `tbl_pedidos` (
  `codigo_pedido` int(11) NOT NULL AUTO_INCREMENT,
  `codigo_sucursal` int(11) NOT NULL,
  `codigo_producto` int(11) NOT NULL,
  `cantidad_pedido` int(11) NOT NULL,
  `fecha` date NOT NULL,
  PRIMARY KEY (`codigo_pedido`),
  KEY `fk_tbl_pedidos_tbl_sucursales1_idx` (`codigo_sucursal`),
  KEY `fk_tbl_pedidos_tbl_productos1_idx` (`codigo_producto`)
) ENGINE=InnoDB  DEFAULT CHARSET=utf8 AUTO_INCREMENT=6 ;

--
-- Volcado de datos para la tabla `tbl_pedidos`
--

INSERT INTO `tbl_pedidos` (`codigo_pedido`, `codigo_sucursal`, `codigo_producto`, `cantidad_pedido`, `fecha`) VALUES
(1, 1, 2, 20, '2016-11-08'),
(2, 2, 2, 20, '2016-11-08'),
(3, 1, 9, 10, '2016-11-03'),
(4, 1, 13, 25, '2016-11-22'),
(5, 2, 15, 30, '2016-11-03');

-- --------------------------------------------------------

--
-- Estructura de tabla para la tabla `tbl_planilla_empleados`
--

CREATE TABLE IF NOT EXISTS `tbl_planilla_empleados` (
  `codigo_planilla_empleados` int(11) NOT NULL AUTO_INCREMENT,
  `codigo_empleado` int(11) NOT NULL,
  `codigo_partida` int(11) NOT NULL,
  `codigo_factura` int(11) NOT NULL,
  `IHSS` double NOT NULL,
  `RAP` double NOT NULL,
  `INFOP` double NOT NULL,
  `total_deducciones` double NOT NULL,
  `sueldo_neto` double NOT NULL,
  PRIMARY KEY (`codigo_planilla_empleados`,`codigo_empleado`,`codigo_partida`,`codigo_factura`),
  KEY `fk_tbl_planilla_empleados_tbl_empleados1_idx` (`codigo_empleado`),
  KEY `fk_tbl_planilla_empleados_tbl_libro_diario1_idx` (`codigo_partida`,`codigo_factura`)
) ENGINE=InnoDB DEFAULT CHARSET=utf8 AUTO_INCREMENT=1 ;

-- --------------------------------------------------------

--
-- Estructura de tabla para la tabla `tbl_privilegio`
--

CREATE TABLE IF NOT EXISTS `tbl_privilegio` (
  `codigo_privilegio` int(11) NOT NULL AUTO_INCREMENT,
  `nombre_cargo` varchar(45) NOT NULL,
  PRIMARY KEY (`codigo_privilegio`)
) ENGINE=InnoDB  DEFAULT CHARSET=utf8 AUTO_INCREMENT=5 ;

--
-- Volcado de datos para la tabla `tbl_privilegio`
--

INSERT INTO `tbl_privilegio` (`codigo_privilegio`, `nombre_cargo`) VALUES
(1, 'Administrador'),
(2, 'Contador'),
(3, 'Cajero'),
(4, 'Visitante');

-- --------------------------------------------------------

--
-- Estructura de tabla para la tabla `tbl_productos`
--

CREATE TABLE IF NOT EXISTS `tbl_productos` (
  `codigo_producto` int(11) NOT NULL AUTO_INCREMENT,
  `codigo_categoria` int(11) NOT NULL,
  `codigo_marca` int(11) NOT NULL,
  `nombre_producto` varchar(45) NOT NULL,
  `fecha_elaboracion` date NOT NULL,
  `fecha_expiracion` date NOT NULL,
  `precio_venta` double NOT NULL,
  `precio_compra` double NOT NULL,
  PRIMARY KEY (`codigo_producto`),
  KEY `fk_tbl_productos_tbl_categorias1_idx` (`codigo_categoria`),
  KEY `fk_tbl_productos_tbl_marca1_idx` (`codigo_marca`)
) ENGINE=InnoDB  DEFAULT CHARSET=utf8 AUTO_INCREMENT=33 ;

--
-- Volcado de datos para la tabla `tbl_productos`
--

INSERT INTO `tbl_productos` (`codigo_producto`, `codigo_categoria`, `codigo_marca`, `nombre_producto`, `fecha_elaboracion`, `fecha_expiracion`, `precio_venta`, `precio_compra`) VALUES
(1, 1, 1, 'Carne de Res', '2016-11-01', '2016-11-30', 40, 25),
(2, 1, 2, 'Pollo', '2016-11-01', '2016-11-30', 30, 15),
(3, 2, 3, 'Soda', '2016-11-01', '2016-11-30', 40, 35),
(4, 2, 4, 'Cerveza', '2016-11-01', '2016-11-30', 20, 14),
(5, 3, 5, 'Churro', '2016-11-01', '2016-11-30', 3, 1),
(6, 3, 6, 'Churro', '2016-11-01', '2016-11-30', 6, 4),
(7, 4, 7, 'Pepino', '2016-11-01', '2016-11-05', 6, 3),
(8, 4, 7, 'Papas', '2016-11-01', '2016-11-05', 10, 5),
(9, 5, 8, 'Ollas', '2016-11-01', '2016-11-30', 500, 350),
(10, 5, 9, 'Tostador', '2016-11-01', '2016-11-30', 1500, 1000),
(11, 6, 10, 'Pimienta', '2016-11-01', '2016-11-30', 20, 15),
(12, 6, 11, 'Jengibre', '2016-11-01', '2016-11-30', 30, 15),
(13, 7, 12, 'Desinfectante para ventanas', '2016-11-01', '2016-11-30', 100, 80),
(14, 7, 13, 'Desinfectante para piso', '2016-11-01', '2016-11-30', 100, 80),
(15, 8, 14, 'Mantequilla', '2016-11-01', '2016-11-10', 15, 10),
(16, 8, 15, 'Leche', '2016-11-01', '2016-11-30', 25, 18),
(17, 9, 16, 'Cloro', '2016-11-01', '2016-11-30', 10, 5),
(18, 9, 17, 'Pastilla para toilet', '2016-11-01', '2016-11-30', 30, 20),
(19, 7, 18, 'Shampoo', '2016-11-01', '2016-11-30', 70, 50),
(20, 10, 19, 'Cuadernos', '2016-11-01', '2016-11-30', 100, 80),
(21, 10, 20, 'Plumas', '2016-11-01', '2016-11-30', 24, 18),
(22, 11, 21, 'Legos', '2016-11-01', '2016-11-30', 200, 150),
(23, 11, 22, 'Carro', '2016-11-01', '2016-11-30', 1000, 800),
(24, 12, 23, 'Cemitas', '2016-11-01', '2016-11-05', 24, 18),
(25, 12, 24, 'Rosquetes', '2016-11-01', '2016-11-12', 24, 20),
(26, 13, 25, 'Conos', '2016-11-01', '2016-11-12', 20, 15),
(27, 13, 26, 'Ice Cream', '2016-11-01', '2016-11-12', 70, 60),
(28, 14, 27, 'Collar antipulgas', '2016-11-01', '2016-11-30', 350, 300),
(29, 14, 28, 'Comida', '2016-11-01', '2016-11-30', 1000, 800),
(30, 15, 29, 'Mortadela', '2016-11-01', '2016-11-26', 34, 30),
(31, 15, 30, 'Copetines', '2016-11-01', '2016-11-30', 35, 28);

-- --------------------------------------------------------

--
-- Estructura de tabla para la tabla `tbl_proveedor`
--

CREATE TABLE IF NOT EXISTS `tbl_proveedor` (
  `codigo_proveedor` int(11) NOT NULL AUTO_INCREMENT,
  `codigo_producto` int(11) NOT NULL,
  `nombre` varchar(45) NOT NULL,
  `RTN` varchar(45) NOT NULL,
  `direccion` varchar(100) NOT NULL,
  `correo_electronico` varchar(45) NOT NULL,
  `telefono` varchar(45) NOT NULL,
  `registro_sanitario` varchar(45) NOT NULL,
  `fecha_entrega` date DEFAULT NULL,
  PRIMARY KEY (`codigo_proveedor`),
  KEY `fk_tbl_proveedor_tbl_productos1_idx` (`codigo_producto`)
) ENGINE=InnoDB  DEFAULT CHARSET=utf8 AUTO_INCREMENT=6 ;

--
-- Volcado de datos para la tabla `tbl_proveedor`
--

INSERT INTO `tbl_proveedor` (`codigo_proveedor`, `codigo_producto`, `nombre`, `RTN`, `direccion`, `correo_electronico`, `telefono`, `registro_sanitario`, `fecha_entrega`) VALUES
(1, 1, 'Distibuidora Mogami', '00000-00000', 'Col. Mogami', 'mogami@gmail.com', '2225 40 40', '00001-000001', '2016-11-15'),
(2, 1, 'tu pollito al instante', '00002-00002', 'Colo. El pollo abunda', 'pollito@gmail.com', '2228 40 40', '000005-555555', '2016-11-22'),
(3, 2, 'coca-cola', '545454454', 'San Pedro Sula, avenida coca-cola', 'tucoca@gmail.com', '2200 40 52', '555666565', '2016-11-22'),
(4, 2, 'Heineken', '65655656', 'Col. entregas calle principal', 'hk@yahoo.com', '89405524', '8585855858', '2016-11-15'),
(5, 3, 'Doritos', '5858585858', 'Doritos entrada principal a tu antojo', 'dr@hotmail.com', '2225 78 98', '585858585', '2016-11-15');

-- --------------------------------------------------------

--
-- Estructura de tabla para la tabla `tbl_subcuenta`
--

CREATE TABLE IF NOT EXISTS `tbl_subcuenta` (
  `codigo_subcuenta` int(11) NOT NULL AUTO_INCREMENT,
  `codigo_cuenta` int(11) NOT NULL,
  `codigo_naturaleza` int(11) NOT NULL,
  `nombre_subcuenta` varchar(45) NOT NULL,
  PRIMARY KEY (`codigo_subcuenta`),
  KEY `fk_tbl_subcuenta_tbl_cuenta1_idx` (`codigo_cuenta`),
  KEY `fk_tbl_subcuenta_tbl_naturaleza1_idx` (`codigo_naturaleza`)
) ENGINE=InnoDB DEFAULT CHARSET=utf8 AUTO_INCREMENT=1 ;

-- --------------------------------------------------------

--
-- Estructura de tabla para la tabla `tbl_sucursales`
--

CREATE TABLE IF NOT EXISTS `tbl_sucursales` (
  `codigo_sucursal` int(11) NOT NULL AUTO_INCREMENT,
  `nombre_sucursal` varchar(45) NOT NULL,
  `direccion` varchar(100) NOT NULL,
  `telefono` varchar(45) NOT NULL,
  PRIMARY KEY (`codigo_sucursal`)
) ENGINE=InnoDB  DEFAULT CHARSET=utf8 AUTO_INCREMENT=3 ;

--
-- Volcado de datos para la tabla `tbl_sucursales`
--

INSERT INTO `tbl_sucursales` (`codigo_sucursal`, `nombre_sucursal`, `direccion`, `telefono`) VALUES
(1, 'La Kennedy', 'Col. Kennedy calle principal', '2223 80 21'),
(2, 'La Torocagua', 'Col. La Torocagua', '2225 5051');

-- --------------------------------------------------------

--
-- Estructura de tabla para la tabla `tbl_tarjeta_almacen`
--

CREATE TABLE IF NOT EXISTS `tbl_tarjeta_almacen` (
  `codigo_tarjeta_almacen` int(11) NOT NULL AUTO_INCREMENT,
  `codigo_producto` int(11) NOT NULL,
  `codigo_partida` int(11) NOT NULL,
  `codigo_factura` int(11) NOT NULL,
  `concepto` varchar(45) NOT NULL,
  `unidades_entrada` int(11) NOT NULL,
  `costo_unitario_entrada` double NOT NULL,
  `total_entrada` double NOT NULL,
  `unidades_salida` int(11) NOT NULL,
  `costo_unitario_salida` double NOT NULL,
  `total_salida` double NOT NULL,
  `total` double NOT NULL,
  PRIMARY KEY (`codigo_tarjeta_almacen`,`codigo_producto`,`codigo_partida`,`codigo_factura`),
  KEY `fk_tbl_tarjeta_almacen_tbl_productos1_idx` (`codigo_producto`),
  KEY `fk_tbl_tarjeta_almacen_tbl_libro_diario1_idx` (`codigo_partida`,`codigo_factura`)
) ENGINE=InnoDB DEFAULT CHARSET=utf8 AUTO_INCREMENT=1 ;

-- --------------------------------------------------------

--
-- Estructura de tabla para la tabla `tbl_usuarios`
--

CREATE TABLE IF NOT EXISTS `tbl_usuarios` (
  `codigo_usuario` int(11) NOT NULL AUTO_INCREMENT,
  `codigo_privilegio` int(11) NOT NULL,
  `nombre_usuario` varchar(20) NOT NULL,
  `password` varchar(20) NOT NULL,
  PRIMARY KEY (`codigo_usuario`),
  KEY `fk_tbl_usuarios_tbl_cargo1_idx` (`codigo_privilegio`)
) ENGINE=InnoDB  DEFAULT CHARSET=utf8 AUTO_INCREMENT=15 ;

--
-- Volcado de datos para la tabla `tbl_usuarios`
--

INSERT INTO `tbl_usuarios` (`codigo_usuario`, `codigo_privilegio`, `nombre_usuario`, `password`) VALUES
(1, 1, 'admin', 'asd.1'),
(2, 2, 'contador', 'asd.2'),
(3, 3, 'cajero', 'asd.3'),
(4, 4, 'visitante', 'asd.4');

--
-- Restricciones para tablas volcadas
--

--
-- Filtros para la tabla `tbl_balance_general`
--
ALTER TABLE `tbl_balance_general`
  ADD CONSTRAINT `fk_tbl_balance_general_tbl_balanza_comprobacion1` FOREIGN KEY (`codigo_balanza_comprobacion`, `codigo_mayor`) REFERENCES `tbl_balanza_comprobacion` (`codigo_balanza_comprobacion`, `codigo_mayor`) ON DELETE NO ACTION ON UPDATE NO ACTION;

--
-- Filtros para la tabla `tbl_balanza_comprobacion`
--
ALTER TABLE `tbl_balanza_comprobacion`
  ADD CONSTRAINT `fk_tbl_balanza_comprobacion_tbl_libro_mayor1` FOREIGN KEY (`codigo_mayor`) REFERENCES `tbl_libro_mayor` (`codigo_mayor`) ON DELETE NO ACTION ON UPDATE NO ACTION;

--
-- Filtros para la tabla `tbl_cuenta`
--
ALTER TABLE `tbl_cuenta`
  ADD CONSTRAINT `fk_tbl_cuenta_tbl_naturaleza1` FOREIGN KEY (`codigo_naturaleza`) REFERENCES `tbl_naturaleza` (`codigo_naturaleza`) ON DELETE NO ACTION ON UPDATE NO ACTION;

--
-- Filtros para la tabla `tbl_empleados`
--
ALTER TABLE `tbl_empleados`
  ADD CONSTRAINT `fk_tbl_personal_tbl_cargo1` FOREIGN KEY (`codigo_privilegio`) REFERENCES `tbl_privilegio` (`codigo_privilegio`) ON DELETE NO ACTION ON UPDATE NO ACTION,
  ADD CONSTRAINT `fk_tbl_personal_tbl_usuarios1` FOREIGN KEY (`codigo_usuario`) REFERENCES `tbl_usuarios` (`codigo_usuario`) ON DELETE NO ACTION ON UPDATE NO ACTION;

--
-- Filtros para la tabla `tbl_estado_resultado`
--
ALTER TABLE `tbl_estado_resultado`
  ADD CONSTRAINT `fk_tbl_estado_resultado_tbl_balanza_comprobacion1` FOREIGN KEY (`codigo_balanza_comprobacion`, `codigo_mayor`) REFERENCES `tbl_balanza_comprobacion` (`codigo_balanza_comprobacion`, `codigo_mayor`) ON DELETE NO ACTION ON UPDATE NO ACTION;

--
-- Filtros para la tabla `tbl_factura`
--
ALTER TABLE `tbl_factura`
  ADD CONSTRAINT `fk_tbl_ventas_tbl_clientes1` FOREIGN KEY (`codigo_cliente`) REFERENCES `tbl_clientes` (`codigo_cliente`) ON DELETE NO ACTION ON UPDATE NO ACTION,
  ADD CONSTRAINT `fk_tbl_ventas_tbl_personal1` FOREIGN KEY (`codigo_empleado`) REFERENCES `tbl_empleados` (`codigo_empleado`) ON DELETE NO ACTION ON UPDATE NO ACTION,
  ADD CONSTRAINT `fk_tbl_ventas_tbl_sucursales1` FOREIGN KEY (`codigo_sucursal`) REFERENCES `tbl_sucursales` (`codigo_sucursal`) ON DELETE NO ACTION ON UPDATE NO ACTION;

--
-- Filtros para la tabla `tbl_factura_x_tbl_productos`
--
ALTER TABLE `tbl_factura_x_tbl_productos`
  ADD CONSTRAINT `fk_tbl_factura_has_tbl_productos_tbl_factura1` FOREIGN KEY (`codigo_factura`) REFERENCES `tbl_factura` (`codigo_factura`) ON DELETE NO ACTION ON UPDATE NO ACTION,
  ADD CONSTRAINT `fk_tbl_factura_has_tbl_productos_tbl_productos1` FOREIGN KEY (`codigo_producto`) REFERENCES `tbl_productos` (`codigo_producto`) ON DELETE NO ACTION ON UPDATE NO ACTION;

--
-- Filtros para la tabla `tbl_libro_diario_x_tbl_cuenta_acreditada`
--
ALTER TABLE `tbl_libro_diario_x_tbl_cuenta_acreditada`
  ADD CONSTRAINT `fk_tbl_libro_diario_has_tbl_cuenta_tbl_cuenta2` FOREIGN KEY (`codigo_cuenta`) REFERENCES `tbl_cuenta` (`codigo_cuenta`) ON DELETE NO ACTION ON UPDATE NO ACTION,
  ADD CONSTRAINT `fk_tbl_libro_diario_has_tbl_cuenta_tbl_libro_diario2` FOREIGN KEY (`codigo_partida`) REFERENCES `tbl_libro_diario` (`codigo_partida`) ON DELETE NO ACTION ON UPDATE NO ACTION;

--
-- Filtros para la tabla `tbl_libro_diario_x_tbl_cuenta_cargada`
--
ALTER TABLE `tbl_libro_diario_x_tbl_cuenta_cargada`
  ADD CONSTRAINT `fk_tbl_libro_diario_has_tbl_cuenta_tbl_libro_diario1` FOREIGN KEY (`codigo_partida`) REFERENCES `tbl_libro_diario` (`codigo_partida`) ON DELETE NO ACTION ON UPDATE NO ACTION,
  ADD CONSTRAINT `fk_tbl_libro_diario_has_tbl_cuenta_tbl_cuenta1` FOREIGN KEY (`codigo_cuenta`) REFERENCES `tbl_cuenta` (`codigo_cuenta`) ON DELETE NO ACTION ON UPDATE NO ACTION;

--
-- Filtros para la tabla `tbl_libro_diario_x_tbl_subcuenta`
--
ALTER TABLE `tbl_libro_diario_x_tbl_subcuenta`
  ADD CONSTRAINT `fk_tbl_libro_diario_has_tbl_subcuenta_tbl_libro_diario1` FOREIGN KEY (`codigo_partida`) REFERENCES `tbl_libro_diario` (`codigo_partida`) ON DELETE NO ACTION ON UPDATE NO ACTION,
  ADD CONSTRAINT `fk_tbl_libro_diario_has_tbl_subcuenta_tbl_subcuenta1` FOREIGN KEY (`codigo_subcuenta`) REFERENCES `tbl_subcuenta` (`codigo_subcuenta`) ON DELETE NO ACTION ON UPDATE NO ACTION;

--
-- Filtros para la tabla `tbl_libro_mayor`
--
ALTER TABLE `tbl_libro_mayor`
  ADD CONSTRAINT `fk_tbl_libro_mayor_tbl_libro_diario_x_tbl_cuenta_cargada1` FOREIGN KEY (`cuenta_cargada_codigo_partida`) REFERENCES `tbl_libro_diario_x_tbl_cuenta_cargada` (`codigo_partida`) ON DELETE NO ACTION ON UPDATE NO ACTION,
  ADD CONSTRAINT `fk_tbl_libro_mayor_tbl_libro_diario_x_tbl_cuenta_acreditada1` FOREIGN KEY (`cuenta_acreditada_codigo_partida`) REFERENCES `tbl_libro_diario_x_tbl_cuenta_acreditada` (`codigo_partida`) ON DELETE NO ACTION ON UPDATE NO ACTION;

--
-- Filtros para la tabla `tbl_libro_mayor_auxiliar`
--
ALTER TABLE `tbl_libro_mayor_auxiliar`
  ADD CONSTRAINT `fk_tbl_libro_mayor_auxiliar_tbl_libro_diario1` FOREIGN KEY (`codigo_partida`) REFERENCES `tbl_libro_diario` (`codigo_partida`) ON DELETE NO ACTION ON UPDATE NO ACTION,
  ADD CONSTRAINT `fk_tbl_libro_mayor_auxiliar_tbl_subcuenta1` FOREIGN KEY (`codigo_subcuenta`) REFERENCES `tbl_subcuenta` (`codigo_subcuenta`) ON DELETE NO ACTION ON UPDATE NO ACTION;

--
-- Filtros para la tabla `tbl_pedidos`
--
ALTER TABLE `tbl_pedidos`
  ADD CONSTRAINT `fk_tbl_pedidos_tbl_sucursales1` FOREIGN KEY (`codigo_sucursal`) REFERENCES `tbl_sucursales` (`codigo_sucursal`) ON DELETE NO ACTION ON UPDATE NO ACTION,
  ADD CONSTRAINT `fk_tbl_pedidos_tbl_productos1` FOREIGN KEY (`codigo_producto`) REFERENCES `tbl_productos` (`codigo_producto`) ON DELETE NO ACTION ON UPDATE NO ACTION;

--
-- Filtros para la tabla `tbl_planilla_empleados`
--
ALTER TABLE `tbl_planilla_empleados`
  ADD CONSTRAINT `fk_tbl_planilla_empleados_tbl_libro_diario1` FOREIGN KEY (`codigo_partida`) REFERENCES `tbl_libro_diario` (`codigo_partida`) ON DELETE NO ACTION ON UPDATE NO ACTION,
  ADD CONSTRAINT `fk_tbl_planilla_empleados_tbl_empleados1` FOREIGN KEY (`codigo_empleado`) REFERENCES `tbl_empleados` (`codigo_empleado`) ON DELETE NO ACTION ON UPDATE NO ACTION;

--
-- Filtros para la tabla `tbl_productos`
--
ALTER TABLE `tbl_productos`
  ADD CONSTRAINT `fk_tbl_productos_tbl_categorias1` FOREIGN KEY (`codigo_categoria`) REFERENCES `tbl_categorias` (`codigo_categoria`) ON DELETE NO ACTION ON UPDATE NO ACTION,
  ADD CONSTRAINT `fk_tbl_productos_tbl_marca1` FOREIGN KEY (`codigo_marca`) REFERENCES `tbl_marca` (`codigo_marca`) ON DELETE NO ACTION ON UPDATE NO ACTION;

--
-- Filtros para la tabla `tbl_proveedor`
--
ALTER TABLE `tbl_proveedor`
  ADD CONSTRAINT `fk_tbl_proveedor_tbl_productos1` FOREIGN KEY (`codigo_producto`) REFERENCES `tbl_productos` (`codigo_producto`) ON DELETE NO ACTION ON UPDATE NO ACTION;

--
-- Filtros para la tabla `tbl_subcuenta`
--
ALTER TABLE `tbl_subcuenta`
  ADD CONSTRAINT `fk_tbl_subcuenta_tbl_naturaleza1` FOREIGN KEY (`codigo_naturaleza`) REFERENCES `tbl_naturaleza` (`codigo_naturaleza`) ON DELETE NO ACTION ON UPDATE NO ACTION,
  ADD CONSTRAINT `fk_tbl_subcuenta_tbl_cuenta1` FOREIGN KEY (`codigo_cuenta`) REFERENCES `tbl_cuenta` (`codigo_cuenta`) ON DELETE NO ACTION ON UPDATE NO ACTION;

--
-- Filtros para la tabla `tbl_tarjeta_almacen`
--
ALTER TABLE `tbl_tarjeta_almacen`
  ADD CONSTRAINT `fk_tbl_tarjeta_almacen_tbl_libro_diario1` FOREIGN KEY (`codigo_partida`) REFERENCES `tbl_libro_diario` (`codigo_partida`) ON DELETE NO ACTION ON UPDATE NO ACTION,
  ADD CONSTRAINT `fk_tbl_tarjeta_almacen_tbl_productos1` FOREIGN KEY (`codigo_producto`) REFERENCES `tbl_productos` (`codigo_producto`) ON DELETE NO ACTION ON UPDATE NO ACTION;

--
-- Filtros para la tabla `tbl_usuarios`
--
ALTER TABLE `tbl_usuarios`
  ADD CONSTRAINT `fk_tbl_usuarios_tbl_cargo1` FOREIGN KEY (`codigo_privilegio`) REFERENCES `tbl_privilegio` (`codigo_privilegio`) ON DELETE NO ACTION ON UPDATE NO ACTION;

/*!40101 SET CHARACTER_SET_CLIENT=@OLD_CHARACTER_SET_CLIENT */;
/*!40101 SET CHARACTER_SET_RESULTS=@OLD_CHARACTER_SET_RESULTS */;
/*!40101 SET COLLATION_CONNECTION=@OLD_COLLATION_CONNECTION */;
